Primary_Key,School_Name,Grade_STAAR_Test,Mastery_Level,School_Year,YOY_State,State,YOY_Region,Region_04,YOY_District,District,YOY_African_American,African_American,YoY_Hispanic,Hispanic,YoY_White,White,"YoY_Econ_Disadv	",Econ_Disadv,YoY_ELL,ELL
Aldine_ISD_Grade 3 Mathematics_At Masters Grade Level,Aldine_ISD,Grade 3 Mathematics,At Masters Grade Level,2021,-0.11,0.14,-0.1,0.15,-0.12,0.04,-0.07,0.01,-0.14,0.04,-0.12,0.05,-0.13,0.03,-0.16,0.04
Aldine_ISD_Grade 3 Mathematics_At Meets Grade Level or Above,Aldine_ISD,Grade 3 Mathematics,At Meets Grade Level or Above,2021,-0.18,0.31,-0.18,0.31,-0.28,0.11,-0.2,0.07,-0.3,0.12,-0.33,0.08,-0.27,0.11,-0.31,0.12
Aldine_ISD_Grade 3 Mathematics_At Approaches Grade Level or Above,Aldine_ISD,Grade 3 Mathematics,At Approaches Grade Level or Above,2021,-0.17,0.62,-0.17,0.62,-0.37,0.37,-0.38,0.26,-0.37,0.4,-0.47,0.24,-0.37,0.36,-0.39,0.39
Aldine_ISD_Grade 3 Reading_At Masters Grade Level,Aldine_ISD,Grade 3 Reading,At Masters Grade Level,2021,-0.08,0.19,-0.08,0.2,-0.11,0.04,-0.09,0.04,-0.12,0.04,-0.18,0.03,-0.12,0.03,-0.12,0.04
Aldine_ISD_Grade 3 Reading_At Meets Grade Level or Above,Aldine_ISD,Grade 3 Reading,At Meets Grade Level or Above,2021,-0.06,0.39,-0.07,0.39,-0.16,0.14,-0.12,0.14,-0.17,0.13,-0.11,0.17,-0.15,0.13,-0.18,0.12
Aldine_ISD_Grade 3 Reading_At Approaches Grade Level or Above,Aldine_ISD,Grade 3 Reading,At Approaches Grade Level or Above,2021,-0.09,0.67,-0.08,0.68,-0.24,0.42,-0.22,0.39,-0.25,0.42,-0.27,0.43,-0.24,0.41,-0.27,0.4
Aldine_ISD_Grade 4 Mathematics_At Masters Grade Level,Aldine_ISD,Grade 4 Mathematics,At Masters Grade Level,2021,-0.07,0.21,-0.08,0.22,-0.12,0.07,-0.04,0.03,-0.14,0.07,-0.08,0.13,-0.12,0.06,-0.13,0.08
Aldine_ISD_Grade 4 Mathematics_At Meets Grade Level or Above,Aldine_ISD,Grade 4 Mathematics,At Meets Grade Level or Above,2021,-0.12,0.36,-0.12,0.37,-0.23,0.16,-0.14,0.09,-0.26,0.17,-0.09,0.27,-0.22,0.16,-0.26,0.17
Aldine_ISD_Grade 4 Mathematics_At Approaches Grade Level or Above,Aldine_ISD,Grade 4 Mathematics,At Approaches Grade Level or Above,2021,-0.16,0.59,-0.16,0.6,-0.35,0.37,-0.32,0.24,-0.36,0.4,-0.18,0.48,-0.35,0.36,-0.37,0.4
Aldine_ISD_Grade 4 Reading_At Masters Grade Level,Aldine_ISD,Grade 4 Reading,At Masters Grade Level,2021,-0.05,0.17,-0.05,0.18,-0.07,0.04,-0.05,0.03,-0.08,0.04,-0.05,0.08,-0.07,0.04,-0.06,0.04
Aldine_ISD_Grade 4 Reading_At Meets Grade Level or Above,Aldine_ISD,Grade 4 Reading,At Meets Grade Level or Above,2021,-0.08,0.36,-0.08,0.37,-0.17,0.14,-0.09,0.13,-0.18,0.14,-0.05,0.29,-0.17,0.13,-0.16,0.13
Aldine_ISD_Grade 4 Reading_At Approaches Grade Level or Above,Aldine_ISD,Grade 4 Reading,At Approaches Grade Level or Above,2021,-0.12,0.63,-0.12,0.63,-0.28,0.39,-0.22,0.34,-0.3,0.39,-0.1,0.53,-0.28,0.38,-0.3,0.38
Aldine_ISD_Grade 5 Mathematics+_At Masters Grade Level,Aldine_ISD,Grade 5 Mathematics+,At Masters Grade Level,2021,-0.11,0.25,-0.12,0.26,-0.19,0.09,-0.16,0.03,-0.2,0.1,-0.29,0.04,-0.18,0.09,-0.17,0.11
Aldine_ISD_Grade 5 Mathematics+_At Meets Grade Level or Above,Aldine_ISD,Grade 5 Mathematics+,At Meets Grade Level or Above,2021,-0.14,0.44,-0.14,0.45,-0.28,0.23,-0.24,0.14,-0.29,0.25,-0.21,0.25,-0.27,0.23,-0.28,0.25
Aldine_ISD_Grade 5 Mathematics+_At Approaches Grade Level or Above,Aldine_ISD,Grade 5 Mathematics+,At Approaches Grade Level or Above,2021,-0.2,0.7,-0.19,0.7,-0.37,0.51,-0.41,0.38,-0.37,0.54,-0.33,0.52,-0.38,0.5,-0.38,0.54
Aldine_ISD_Grade 5 Reading+_At Masters Grade Level,Aldine_ISD,Grade 5 Reading+,At Masters Grade Level,2021,0.01,0.3,0.01,0.31,-0.04,0.12,-0.03,0.1,-0.04,0.12,-0.08,0.15,-0.03,0.12,-0.01,0.11
Aldine_ISD_Grade 5 Reading+_At Meets Grade Level or Above,Aldine_ISD,Grade 5 Reading+,At Meets Grade Level or Above,2021,-0.08,0.46,-0.07,0.47,-0.13,0.25,-0.13,0.21,-0.14,0.25,-0.07,0.35,-0.13,0.24,-0.1,0.23
Aldine_ISD_Grade 5 Reading+_At Approaches Grade Level or Above,Aldine_ISD,Grade 5 Reading+,At Approaches Grade Level or Above,2021,-0.13,0.73,-0.13,0.73,-0.24,0.56,-0.26,0.48,-0.25,0.57,-0.1,0.63,-0.25,0.54,-0.25,0.55
Aldine_ISD_Grade 5 Science_At Masters Grade Level,Aldine_ISD,Grade 5 Science,At Masters Grade Level,2021,-0.11,0.13,-0.11,0.14,-0.08,0.02,-0.05,0.02,-0.09,0.02,-0.14,0.04,-0.08,0.02,-0.07,0.02
Aldine_ISD_Grade 5 Science_At Meets Grade Level or Above,Aldine_ISD,Grade 5 Science,At Meets Grade Level or Above,2021,-0.18,0.31,-0.18,0.32,-0.22,0.1,-0.15,0.09,-0.24,0.09,-0.31,0.1,-0.22,0.09,-0.21,0.08
Aldine_ISD_Grade 5 Science_At Approaches Grade Level or Above,Aldine_ISD,Grade 5 Science,At Approaches Grade Level or Above,2021,-0.13,0.62,-0.13,0.62,-0.25,0.38,-0.23,0.31,-0.27,0.38,-0.17,0.48,-0.26,0.36,-0.26,0.36
Alief_ISD_Grade 3 Mathematics_At Masters Grade Level,Alief_ISD,Grade 3 Mathematics,At Masters Grade Level,2021,-0.11,0.14,-0.1,0.15,-0.11,0.05,-0.11,0.05,-0.08,0.04,-0.12,0.06,-0.1,0.05,-0.11,0.05
Alief_ISD_Grade 3 Mathematics_At Meets Grade Level or Above,Alief_ISD,Grade 3 Mathematics,At Meets Grade Level or Above,2021,-0.18,0.31,-0.18,0.31,-0.2,0.16,-0.21,0.14,-0.18,0.13,-0.25,0.14,-0.2,0.15,-0.19,0.17
Alief_ISD_Grade 3 Mathematics_At Approaches Grade Level or Above,Alief_ISD,Grade 3 Mathematics,At Approaches Grade Level or Above,2021,-0.17,0.62,-0.17,0.62,-0.23,0.45,-0.21,0.43,-0.26,0.41,-0.25,0.45,-0.23,0.44,-0.23,0.46
Alief_ISD_Grade 3 Reading_At Masters Grade Level,Alief_ISD,Grade 3 Reading,At Masters Grade Level,2021,-0.08,0.19,-0.08,0.2,-0.07,0.11,-0.05,0.14,-0.06,0.08,-0.1,0.1,-0.06,0.1,-0.08,0.09
Alief_ISD_Grade 3 Reading_At Meets Grade Level or Above,Alief_ISD,Grade 3 Reading,At Meets Grade Level or Above,2021,-0.06,0.39,-0.07,0.39,-0.08,0.24,-0.06,0.29,-0.08,0.19,-0.14,0.24,-0.09,0.22,-0.09,0.21
Alief_ISD_Grade 3 Reading_At Approaches Grade Level or Above,Alief_ISD,Grade 3 Reading,At Approaches Grade Level or Above,2021,-0.09,0.67,-0.08,0.68,-0.12,0.53,-0.12,0.57,-0.13,0.48,-0.15,0.51,-0.12,0.51,-0.12,0.5
Alief_ISD_Grade 4 Mathematics_At Masters Grade Level,Alief_ISD,Grade 4 Mathematics,At Masters Grade Level,2021,-0.07,0.21,-0.08,0.22,-0.14,0.11,-0.11,0.1,-0.14,0.08,-0.14,0.14,-0.13,0.1,-0.14,0.11
Alief_ISD_Grade 4 Mathematics_At Meets Grade Level or Above,Alief_ISD,Grade 4 Mathematics,At Meets Grade Level or Above,2021,-0.12,0.36,-0.12,0.37,-0.22,0.21,-0.21,0.2,-0.23,0.18,-0.22,0.22,-0.21,0.2,-0.22,0.21
Alief_ISD_Grade 4 Mathematics_At Approaches Grade Level or Above,Alief_ISD,Grade 4 Mathematics,At Approaches Grade Level or Above,2021,-0.16,0.59,-0.16,0.6,-0.26,0.45,-0.24,0.41,-0.27,0.43,-0.26,0.45,-0.25,0.44,-0.26,0.46
Alief_ISD_Grade 4 Reading_At Masters Grade Level,Alief_ISD,Grade 4 Reading,At Masters Grade Level,2021,-0.05,0.17,-0.05,0.18,-0.06,0.1,-0.05,0.13,-0.05,0.07,-0.07,0.14,-0.05,0.09,-0.07,0.08
Alief_ISD_Grade 4 Reading_At Meets Grade Level or Above,Alief_ISD,Grade 4 Reading,At Meets Grade Level or Above,2021,-0.08,0.36,-0.08,0.37,-0.1,0.25,-0.05,0.3,-0.11,0.21,-0.18,0.26,-0.09,0.24,-0.11,0.23
Alief_ISD_Grade 4 Reading_At Approaches Grade Level or Above,Alief_ISD,Grade 4 Reading,At Approaches Grade Level or Above,2021,-0.12,0.63,-0.12,0.63,-0.2,0.49,-0.14,0.54,-0.21,0.45,-0.17,0.56,-0.19,0.48,-0.2,0.47
Alief_ISD_Grade 5 Mathematics+_At Masters Grade Level,Alief_ISD,Grade 5 Mathematics+,At Masters Grade Level,2021,-0.11,0.25,-0.12,0.26,-0.13,0.1,-0.11,0.09,-0.12,0.08,-0.17,0.08,-0.13,0.09,-0.13,0.11
Alief_ISD_Grade 5 Mathematics+_At Meets Grade Level or Above,Alief_ISD,Grade 5 Mathematics+,At Meets Grade Level or Above,2021,-0.14,0.44,-0.14,0.45,-0.19,0.23,-0.14,0.23,-0.2,0.19,-0.22,0.22,-0.18,0.22,-0.21,0.22
Alief_ISD_Grade 5 Mathematics+_At Approaches Grade Level or Above,Alief_ISD,Grade 5 Mathematics+,At Approaches Grade Level or Above,2021,-0.2,0.7,-0.19,0.7,-0.29,0.49,-0.3,0.45,-0.32,0.45,-0.33,0.49,-0.3,0.47,-0.3,0.49
Alief_ISD_Grade 5 Reading+_At Masters Grade Level,Alief_ISD,Grade 5 Reading+,At Masters Grade Level,2021,0.01,0.3,0.01,0.31,-0.04,0.17,-0.01,0.21,-0.06,0.12,-0.08,0.13,-0.04,0.15,-0.04,0.15
Alief_ISD_Grade 5 Reading+_At Meets Grade Level or Above,Alief_ISD,Grade 5 Reading+,At Meets Grade Level or Above,2021,-0.08,0.46,-0.07,0.47,-0.14,0.29,-0.13,0.34,-0.13,0.25,-0.2,0.24,-0.14,0.27,-0.14,0.26
Alief_ISD_Grade 5 Reading+_At Approaches Grade Level or Above,Alief_ISD,Grade 5 Reading+,At Approaches Grade Level or Above,2021,-0.13,0.73,-0.13,0.73,-0.22,0.56,-0.23,0.59,-0.24,0.52,-0.26,0.53,-0.22,0.55,-0.21,0.54
Alief_ISD_Grade 5 Science_At Masters Grade Level,Alief_ISD,Grade 5 Science,At Masters Grade Level,2021,-0.11,0.13,-0.11,0.14,-0.09,0.04,-0.05,0.05,-0.08,0.03,-0.15,0.04,-0.08,0.04,-0.09,0.04
Alief_ISD_Grade 5 Science_At Meets Grade Level or Above,Alief_ISD,Grade 5 Science,At Meets Grade Level or Above,2021,-0.18,0.31,-0.18,0.32,-0.2,0.14,-0.12,0.17,-0.22,0.1,-0.26,0.13,-0.2,0.13,-0.21,0.13
Alief_ISD_Grade 5 Science_At Approaches Grade Level or Above,Alief_ISD,Grade 5 Science,At Approaches Grade Level or Above,2021,-0.13,0.62,-0.13,0.62,-0.22,0.41,-0.18,0.42,-0.25,0.37,-0.26,0.37,-0.23,0.39,-0.24,0.39
CHANNELVIEW_ISD_Grade 3 Mathematics_At Masters Grade Level,CHANNELVIEW_ISD,Grade 3 Mathematics,At Masters Grade Level,2021,-0.11,0.14,-0.1,0.15,-0.11,0.12,-0.08,0.04,-0.12,0.12,-0.15,0.07,-0.11,0.1,-0.1,0.14
CHANNELVIEW_ISD_Grade 3 Mathematics_At Meets Grade Level or Above,CHANNELVIEW_ISD,Grade 3 Mathematics,At Meets Grade Level or Above,2021,-0.18,0.31,-0.18,0.31,-0.21,0.29,-0.2,0.17,-0.23,0.29,-0.17,0.3,-0.21,0.27,-0.17,0.32
CHANNELVIEW_ISD_Grade 3 Mathematics_At Approaches Grade Level or Above,CHANNELVIEW_ISD,Grade 3 Mathematics,At Approaches Grade Level or Above,2021,-0.17,0.62,-0.17,0.62,-0.21,0.61,-0.19,0.46,-0.22,0.62,-0.13,0.67,-0.23,0.59,-0.21,0.64
CHANNELVIEW_ISD_Grade 3 Reading_At Masters Grade Level,CHANNELVIEW_ISD,Grade 3 Reading,At Masters Grade Level,2021,-0.08,0.19,-0.08,0.2,-0.1,0.13,-0.15,0.07,-0.11,0.13,0,0.15,-0.11,0.12,-0.06,0.14
CHANNELVIEW_ISD_Grade 3 Reading_At Meets Grade Level or Above,CHANNELVIEW_ISD,Grade 3 Reading,At Meets Grade Level or Above,2021,-0.06,0.39,-0.07,0.39,-0.11,0.31,-0.14,0.17,-0.12,0.31,-0.04,0.37,-0.14,0.26,-0.12,0.3
CHANNELVIEW_ISD_Grade 3 Reading_At Approaches Grade Level or Above,CHANNELVIEW_ISD,Grade 3 Reading,At Approaches Grade Level or Above,2021,-0.09,0.67,-0.08,0.68,-0.11,0.63,-0.11,0.52,-0.13,0.63,0.04,0.78,-0.12,0.61,-0.1,0.64
CHANNELVIEW_ISD_Grade 4 Mathematics_At Masters Grade Level,CHANNELVIEW_ISD,Grade 4 Mathematics,At Masters Grade Level,2021,-0.07,0.21,-0.08,0.22,-0.11,0.19,-0.02,0.12,-0.14,0.19,-0.04,0.16,-0.12,0.18,-0.15,0.23
CHANNELVIEW_ISD_Grade 4 Mathematics_At Meets Grade Level or Above,CHANNELVIEW_ISD,Grade 4 Mathematics,At Meets Grade Level or Above,2021,-0.12,0.36,-0.12,0.37,-0.2,0.32,-0.09,0.2,-0.2,0.34,-0.3,0.27,-0.19,0.32,-0.23,0.36
CHANNELVIEW_ISD_Grade 4 Mathematics_At Approaches Grade Level or Above,CHANNELVIEW_ISD,Grade 4 Mathematics,At Approaches Grade Level or Above,2021,-0.16,0.59,-0.16,0.6,-0.23,0.59,-0.34,0.39,-0.23,0.6,-0.21,0.57,-0.24,0.57,-0.22,0.64
CHANNELVIEW_ISD_Grade 4 Reading_At Masters Grade Level,CHANNELVIEW_ISD,Grade 4 Reading,At Masters Grade Level,2021,-0.05,0.17,-0.05,0.18,-0.04,0.09,0.02,0.08,-0.05,0.08,-0.08,0.09,-0.05,0.08,-0.04,0.1
CHANNELVIEW_ISD_Grade 4 Reading_At Meets Grade Level or Above,CHANNELVIEW_ISD,Grade 4 Reading,At Meets Grade Level or Above,2021,-0.08,0.36,-0.08,0.37,-0.07,0.26,-0.09,0.16,-0.06,0.28,-0.19,0.18,-0.06,0.26,-0.05,0.29
CHANNELVIEW_ISD_Grade 4 Reading_At Approaches Grade Level or Above,CHANNELVIEW_ISD,Grade 4 Reading,At Approaches Grade Level or Above,2021,-0.12,0.63,-0.12,0.63,-0.15,0.58,-0.15,0.47,-0.14,0.6,-0.19,0.55,-0.17,0.55,-0.14,0.61
CHANNELVIEW_ISD_Grade 5 Mathematics+_At Meets Grade Level or Above,CHANNELVIEW_ISD,Grade 5 Mathematics+,At Meets Grade Level or Above,2021,-0.14,0.44,-0.14,0.45,-0.18,0.38,-0.38,0.1,-0.16,0.41,-0.18,0.39,-0.17,0.37,-0.2,0.38
CHANNELVIEW_ISD_Grade 5 Mathematics+_At Approaches Grade Level or Above,CHANNELVIEW_ISD,Grade 5 Mathematics+,At Approaches Grade Level or Above,2021,-0.2,0.7,-0.19,0.7,-0.24,0.67,-0.39,0.45,-0.21,0.7,-0.28,0.66,-0.22,0.67,-0.22,0.7
CHANNELVIEW_ISD_Grade 5 Reading+_At Masters Grade Level,CHANNELVIEW_ISD,Grade 5 Reading+,At Masters Grade Level,2021,0.01,0.3,0.01,0.31,0.02,0.21,-0.04,0.14,0.04,0.22,-0.05,0.19,0.02,0.19,0.01,0.21
CHANNELVIEW_ISD_Grade 5 Reading+_At Meets Grade Level or Above,CHANNELVIEW_ISD,Grade 5 Reading+,At Meets Grade Level or Above,2021,-0.08,0.46,-0.07,0.47,-0.05,0.38,-0.19,0.2,-0.02,0.41,-0.25,0.26,-0.05,0.35,-0.03,0.42
CHANNELVIEW_ISD_Grade 5 Reading+_At Approaches Grade Level or Above,CHANNELVIEW_ISD,Grade 5 Reading+,At Approaches Grade Level or Above,2021,-0.13,0.73,-0.13,0.73,-0.19,0.65,-0.39,0.45,-0.15,0.68,-0.37,0.55,-0.2,0.62,-0.17,0.65
CHANNELVIEW_ISD_Grade 5 Science_At Masters Grade Level,CHANNELVIEW_ISD,Grade 5 Science,At Masters Grade Level,2021,-0.11,0.13,-0.11,0.14,-0.13,0.05,-0.09,0.02,-0.13,0.05,-0.19,0.05,-0.11,0.05,-0.13,0.05
CHANNELVIEW_ISD_Grade 5 Science_At Meets Grade Level or Above,CHANNELVIEW_ISD,Grade 5 Science,At Meets Grade Level or Above,2021,-0.18,0.31,-0.18,0.32,-0.25,0.18,-0.29,0.08,-0.23,0.19,-0.39,0.18,-0.23,0.17,-0.21,0.2
CHANNELVIEW_ISD_Grade 5 Science_At Approaches Grade Level or Above,CHANNELVIEW_ISD,Grade 5 Science,At Approaches Grade Level or Above,2021,-0.13,0.62,-0.13,0.62,-0.19,0.53,-0.48,0.22,-0.15,0.56,-0.3,0.54,-0.17,0.51,-0.12,0.57
CROSBY_ISD_Grade 3 Mathematics_At Masters Grade Level,CROSBY_ISD,Grade 3 Mathematics,At Masters Grade Level,2021,-0.11,0.14,-0.1,0.15,-0.02,0.15,0.08,0.1,-0.02,0.15,-0.06,0.15,-0.02,0.1,-0.04,0.12
CROSBY_ISD_Grade 3 Mathematics_At Meets Grade Level or Above,CROSBY_ISD,Grade 3 Mathematics,At Meets Grade Level or Above,2021,-0.18,0.31,-0.18,0.31,-0.09,0.34,-0.08,0.2,-0.07,0.32,-0.1,0.42,-0.12,0.25,-0.15,0.26
CROSBY_ISD_Grade 3 Mathematics_At Approaches Grade Level or Above,CROSBY_ISD,Grade 3 Mathematics,At Approaches Grade Level or Above,2021,-0.17,0.62,-0.17,0.62,-0.11,0.67,-0.35,0.41,-0.09,0.69,-0.08,0.72,-0.17,0.59,-0.1,0.66
CROSBY_ISD_Grade 3 Reading_At Masters Grade Level,CROSBY_ISD,Grade 3 Reading,At Masters Grade Level,2021,-0.08,0.19,-0.08,0.2,-0.03,0.19,0.05,0.14,-0.04,0.17,-0.06,0.22,-0.03,0.12,-0.08,0.08
CROSBY_ISD_Grade 3 Reading_At Meets Grade Level or Above,CROSBY_ISD,Grade 3 Reading,At Meets Grade Level or Above,2021,-0.06,0.39,-0.07,0.39,-0.01,0.37,0.08,0.29,-0.02,0.33,-0.02,0.44,-0.01,0.27,-0.1,0.2
CROSBY_ISD_Grade 3 Reading_At Approaches Grade Level or Above,CROSBY_ISD,Grade 3 Reading,At Approaches Grade Level or Above,2021,-0.09,0.67,-0.08,0.68,-0.05,0.71,-0.11,0.51,-0.04,0.69,-0.01,0.8,-0.07,0.62,-0.14,0.55
CROSBY_ISD_Grade 4 Mathematics_At Masters Grade Level,CROSBY_ISD,Grade 4 Mathematics,At Masters Grade Level,2021,-0.07,0.21,-0.08,0.22,0.06,0.2,-0.04,0.02,0.07,0.18,0.09,0.27,0.04,0.14,0.06,0.15
CROSBY_ISD_Grade 4 Mathematics_At Meets Grade Level or Above,CROSBY_ISD,Grade 4 Mathematics,At Meets Grade Level or Above,2021,-0.12,0.36,-0.12,0.37,0.09,0.36,0,0.13,0.06,0.35,0.13,0.44,0.06,0.29,0.04,0.35
CROSBY_ISD_Grade 4 Mathematics_At Approaches Grade Level or Above,CROSBY_ISD,Grade 4 Mathematics,At Approaches Grade Level or Above,2021,-0.16,0.59,-0.16,0.6,0.01,0.63,-0.06,0.38,-0.02,0.65,0.01,0.66,-0.03,0.56,-0.07,0.64
CROSBY_ISD_Grade 4 Reading_At Masters Grade Level,CROSBY_ISD,Grade 4 Reading,At Masters Grade Level,2021,-0.05,0.17,-0.05,0.18,0,0.15,0.02,0.11,0,0.13,-0.01,0.18,0.02,0.12,-0.04,0.11
CROSBY_ISD_Grade 4 Reading_At Meets Grade Level or Above,CROSBY_ISD,Grade 4 Reading,At Meets Grade Level or Above,2021,-0.08,0.36,-0.08,0.37,0.01,0.39,0.03,0.22,0,0.38,-0.01,0.44,0.05,0.34,0.05,0.36
CROSBY_ISD_Grade 4 Reading_At Approaches Grade Level or Above,CROSBY_ISD,Grade 4 Reading,At Approaches Grade Level or Above,2021,-0.12,0.63,-0.12,0.63,-0.01,0.71,-0.04,0.49,-0.04,0.71,0.03,0.78,0.01,0.66,-0.02,0.69
CROSBY_ISD_Grade 5 Mathematics+_At Masters Grade Level,CROSBY_ISD,Grade 5 Mathematics+,At Masters Grade Level,2021,-0.11,0.25,-0.12,0.26,-0.11,0.22,-0.23,0.07,-0.11,0.21,-0.08,0.27,-0.12,0.2,-0.18,0.16
CROSBY_ISD_Grade 5 Mathematics+_At Meets Grade Level or Above,CROSBY_ISD,Grade 5 Mathematics+,At Meets Grade Level or Above,2021,-0.14,0.44,-0.14,0.45,-0.09,0.49,-0.22,0.29,-0.11,0.49,-0.04,0.55,-0.09,0.45,-0.13,0.47
CROSBY_ISD_Grade 5 Mathematics+_At Approaches Grade Level or Above,CROSBY_ISD,Grade 5 Mathematics+,At Approaches Grade Level or Above,2021,-0.2,0.7,-0.19,0.7,-0.17,0.78,-0.2,0.75,-0.21,0.74,-0.11,0.84,-0.21,0.74,-0.25,0.74
CROSBY_ISD_Grade 5 Reading+_At Masters Grade Level,CROSBY_ISD,Grade 5 Reading+,At Masters Grade Level,2021,0.01,0.3,0.01,0.31,0.05,0.3,0.02,0.21,0.02,0.25,0.12,0.4,0.03,0.25,0.01,0.18
CROSBY_ISD_Grade 5 Reading+_At Meets Grade Level or Above,CROSBY_ISD,Grade 5 Reading+,At Meets Grade Level or Above,2021,-0.08,0.46,-0.07,0.47,-0.01,0.48,0,0.45,-0.05,0.42,0.06,0.57,-0.02,0.44,-0.12,0.32
CROSBY_ISD_Grade 5 Reading+_At Approaches Grade Level or Above,CROSBY_ISD,Grade 5 Reading+,At Approaches Grade Level or Above,2021,-0.13,0.73,-0.13,0.73,-0.04,0.82,0,0.79,-0.05,0.78,-0.03,0.87,-0.06,0.76,-0.1,0.73
CROSBY_ISD_Grade 5 Science_At Masters Grade Level,CROSBY_ISD,Grade 5 Science,At Masters Grade Level,2021,-0.11,0.13,-0.11,0.14,-0.1,0.13,-0.1,0.04,-0.11,0.11,-0.05,0.21,-0.07,0.1,-0.15,0.03
CROSBY_ISD_Grade 5 Science_At Meets Grade Level or Above,CROSBY_ISD,Grade 5 Science,At Meets Grade Level or Above,2021,-0.18,0.31,-0.18,0.32,-0.2,0.31,-0.12,0.28,-0.24,0.24,-0.15,0.42,-0.21,0.24,-0.34,0.11
CROSBY_ISD_Grade 5 Science_At Approaches Grade Level or Above,CROSBY_ISD,Grade 5 Science,At Approaches Grade Level or Above,2021,-0.13,0.62,-0.13,0.62,-0.14,0.66,-0.18,0.52,-0.19,0.6,-0.05,0.79,-0.18,0.58,-0.32,0.46
Cypress_Fairbanks_ISD_Grade 3 Mathematics_At Masters Grade Level,Cypress_Fairbanks_ISD,Grade 3 Mathematics,At Masters Grade Level,2021,-0.11,0.14,-0.1,0.15,-0.08,0.15,-0.06,0.06,-0.06,0.09,-0.13,0.24,-0.06,0.08,-0.07,0.12
Cypress_Fairbanks_ISD_Grade 3 Mathematics_At Meets Grade Level or Above,Cypress_Fairbanks_ISD,Grade 3 Mathematics,At Meets Grade Level or Above,2021,-0.18,0.31,-0.18,0.31,-0.15,0.34,-0.14,0.2,-0.15,0.25,-0.14,0.51,-0.14,0.23,-0.13,0.3
Cypress_Fairbanks_ISD_Grade 3 Mathematics_At Approaches Grade Level or Above,Cypress_Fairbanks_ISD,Grade 3 Mathematics,At Approaches Grade Level or Above,2021,-0.17,0.62,-0.17,0.62,-0.14,0.68,-0.2,0.51,-0.16,0.62,-0.06,0.84,-0.18,0.57,-0.15,0.65
Cypress_Fairbanks_ISD_Grade 3 Reading_At Masters Grade Level,Cypress_Fairbanks_ISD,Grade 3 Reading,At Masters Grade Level,2021,-0.08,0.19,-0.08,0.2,-0.07,0.23,-0.08,0.14,-0.07,0.16,-0.07,0.35,-0.08,0.13,-0.09,0.15
Cypress_Fairbanks_ISD_Grade 3 Reading_At Meets Grade Level or Above,Cypress_Fairbanks_ISD,Grade 3 Reading,At Meets Grade Level or Above,2021,-0.06,0.39,-0.07,0.39,-0.02,0.46,-0.03,0.35,-0.03,0.37,0,0.61,-0.03,0.34,-0.05,0.37
Cypress_Fairbanks_ISD_Grade 3 Reading_At Approaches Grade Level or Above,Cypress_Fairbanks_ISD,Grade 3 Reading,At Approaches Grade Level or Above,2021,-0.09,0.67,-0.08,0.68,-0.04,0.75,-0.05,0.66,-0.06,0.69,-0.01,0.86,-0.05,0.67,-0.07,0.69
Cypress_Fairbanks_ISD_Grade 4 Mathematics_At Masters Grade Level,Cypress_Fairbanks_ISD,Grade 4 Mathematics,At Masters Grade Level,2021,-0.07,0.21,-0.08,0.22,-0.09,0.22,-0.08,0.09,-0.09,0.13,-0.09,0.37,-0.09,0.11,-0.11,0.16
Cypress_Fairbanks_ISD_Grade 4 Mathematics_At Meets Grade Level or Above,Cypress_Fairbanks_ISD,Grade 4 Mathematics,At Meets Grade Level or Above,2021,-0.12,0.36,-0.12,0.37,-0.15,0.36,-0.15,0.19,-0.17,0.26,-0.11,0.56,-0.17,0.22,-0.18,0.29
Cypress_Fairbanks_ISD_Grade 4 Mathematics_At Approaches Grade Level or Above,Cypress_Fairbanks_ISD,Grade 4 Mathematics,At Approaches Grade Level or Above,2021,-0.16,0.59,-0.16,0.6,-0.17,0.6,-0.22,0.41,-0.22,0.52,-0.1,0.79,-0.22,0.47,-0.21,0.55
Cypress_Fairbanks_ISD_Grade 4 Reading_At Masters Grade Level,Cypress_Fairbanks_ISD,Grade 4 Reading,At Masters Grade Level,2021,-0.05,0.17,-0.05,0.18,-0.04,0.2,-0.01,0.13,-0.04,0.13,-0.04,0.32,-0.04,0.11,-0.06,0.13
Cypress_Fairbanks_ISD_Grade 4 Reading_At Meets Grade Level or Above,Cypress_Fairbanks_ISD,Grade 4 Reading,At Meets Grade Level or Above,2021,-0.08,0.36,-0.08,0.37,-0.07,0.41,-0.05,0.3,-0.08,0.32,-0.09,0.56,-0.08,0.29,-0.09,0.32
Cypress_Fairbanks_ISD_Grade 4 Reading_At Approaches Grade Level or Above,Cypress_Fairbanks_ISD,Grade 4 Reading,At Approaches Grade Level or Above,2021,-0.12,0.63,-0.12,0.63,-0.1,0.69,-0.1,0.58,-0.12,0.63,-0.08,0.81,-0.13,0.59,-0.13,0.64
Cypress_Fairbanks_ISD_Grade 5 Mathematics+_At Masters Grade Level,Cypress_Fairbanks_ISD,Grade 5 Mathematics+,At Masters Grade Level,2021,-0.11,0.25,-0.12,0.26,-0.1,0.31,-0.11,0.15,-0.1,0.23,-0.09,0.46,-0.1,0.19,-0.11,0.27
Cypress_Fairbanks_ISD_Grade 5 Mathematics+_At Meets Grade Level or Above,Cypress_Fairbanks_ISD,Grade 5 Mathematics+,At Meets Grade Level or Above,2021,-0.14,0.44,-0.14,0.45,-0.11,0.51,-0.17,0.33,-0.13,0.43,-0.07,0.68,-0.13,0.39,-0.12,0.47
Cypress_Fairbanks_ISD_Grade 5 Mathematics+_At Approaches Grade Level or Above,Cypress_Fairbanks_ISD,Grade 5 Mathematics+,At Approaches Grade Level or Above,2021,-0.2,0.7,-0.19,0.7,-0.17,0.75,-0.25,0.61,-0.22,0.7,-0.08,0.88,-0.22,0.67,-0.2,0.72
Cypress_Fairbanks_ISD_Grade 5 Reading+_At Masters Grade Level,Cypress_Fairbanks_ISD,Grade 5 Reading+,At Masters Grade Level,2021,0.01,0.3,0.01,0.31,0.02,0.38,0.01,0.28,0.01,0.29,0.04,0.54,0.02,0.27,0.02,0.31
Cypress_Fairbanks_ISD_Grade 5 Reading+_At Meets Grade Level or Above,Cypress_Fairbanks_ISD,Grade 5 Reading+,At Meets Grade Level or Above,2021,-0.08,0.46,-0.07,0.47,-0.07,0.54,-0.11,0.41,-0.07,0.47,-0.06,0.71,-0.07,0.43,-0.06,0.47
Cypress_Fairbanks_ISD_Grade 5 Reading+_At Approaches Grade Level or Above,Cypress_Fairbanks_ISD,Grade 5 Reading+,At Approaches Grade Level or Above,2021,-0.13,0.73,-0.13,0.73,-0.11,0.79,-0.16,0.69,-0.13,0.75,-0.07,0.89,-0.14,0.72,-0.13,0.75
Cypress_Fairbanks_ISD_Grade 5 Science_At Masters Grade Level,Cypress_Fairbanks_ISD,Grade 5 Science,At Masters Grade Level,2021,-0.11,0.13,-0.11,0.14,-0.17,0.21,-0.14,0.1,-0.16,0.13,-0.2,0.35,-0.14,0.11,-0.16,0.16
Cypress_Fairbanks_ISD_Grade 5 Science_At Meets Grade Level or Above,Cypress_Fairbanks_ISD,Grade 5 Science,At Meets Grade Level or Above,2021,-0.18,0.31,-0.18,0.32,-0.21,0.44,-0.22,0.27,-0.24,0.35,-0.17,0.63,-0.22,0.31,-0.23,0.37
Cypress_Fairbanks_ISD_Grade 5 Science_At Approaches Grade Level or Above,Cypress_Fairbanks_ISD,Grade 5 Science,At Approaches Grade Level or Above,2021,-0.13,0.62,-0.13,0.62,-0.11,0.75,-0.18,0.59,-0.15,0.7,-0.05,0.89,-0.15,0.66,-0.14,0.71
Deer_Park_ISD_Grade 3 Mathematics_At Approaches Grade Level or Above,Deer_Park_ISD,Grade 3 Mathematics,At Approaches Grade Level or Above,2021,-0.17,0.62,-0.17,0.62,-0.12,0.7,-0.34,0.33,-0.13,0.68,-0.1,0.75,-0.14,0.62,-0.08,0.72
Deer_Park_ISD_Grade 3 Reading_At Approaches Grade Level or Above,Deer_Park_ISD,Grade 3 Reading,At Approaches Grade Level or Above,2021,-0.09,0.67,-0.08,0.68,-0.1,0.72,-0.23,0.44,-0.11,0.66,-0.05,0.83,-0.1,0.64,-0.02,0.64
Deer_Park_ISD_Grade 4 Mathematics_At Masters Grade Level,Deer_Park_ISD,Grade 4 Mathematics,At Masters Grade Level,2021,-0.07,0.21,-0.08,0.22,-0.07,0.26,-0.15,0.09,-0.05,0.21,-0.07,0.37,-0.06,0.17,-0.07,0.12
Deer_Park_ISD_Grade 4 Mathematics_At Meets Grade Level or Above,Deer_Park_ISD,Grade 4 Mathematics,At Meets Grade Level or Above,2021,-0.12,0.36,-0.12,0.37,-0.12,0.42,-0.12,0.17,-0.14,0.34,-0.07,0.57,-0.13,0.31,-0.2,0.23
Deer_Park_ISD_Grade 4 Mathematics_At Approaches Grade Level or Above,Deer_Park_ISD,Grade 4 Mathematics,At Approaches Grade Level or Above,2021,-0.16,0.59,-0.16,0.6,-0.16,0.67,-0.24,0.43,-0.18,0.62,-0.12,0.77,-0.2,0.56,-0.32,0.49
Deer_Park_ISD_Grade 4 Reading_At Masters Grade Level,Deer_Park_ISD,Grade 4 Reading,At Masters Grade Level,2021,-0.05,0.17,-0.05,0.18,-0.05,0.17,-0.05,0.09,-0.04,0.12,-0.06,0.26,-0.02,0.11,-0.03,0.04
Deer_Park_ISD_Grade 4 Reading_At Meets Grade Level or Above,Deer_Park_ISD,Grade 4 Reading,At Meets Grade Level or Above,2021,-0.08,0.36,-0.08,0.37,-0.08,0.37,-0.16,0.17,-0.07,0.3,-0.13,0.48,-0.05,0.28,-0.13,0.13
Deer_Park_ISD_Grade 4 Reading_At Approaches Grade Level or Above,Deer_Park_ISD,Grade 4 Reading,At Approaches Grade Level or Above,2021,-0.12,0.63,-0.12,0.63,-0.15,0.65,-0.19,0.43,-0.15,0.6,-0.14,0.74,-0.17,0.56,-0.23,0.43
Deer_Park_ISD_Grade 5 Mathematics+_At Meets Grade Level or Above,Deer_Park_ISD,Grade 5 Mathematics+,At Meets Grade Level or Above,2021,-0.14,0.44,-0.14,0.45,-0.17,0.39,-0.36,0.05,-0.13,0.35,-0.23,0.47,-0.17,0.31,-0.09,0.31
Deer_Park_ISD_Grade 5 Mathematics+_At Approaches Grade Level or Above,Deer_Park_ISD,Grade 5 Mathematics+,At Approaches Grade Level or Above,2021,-0.2,0.7,-0.19,0.7,-0.22,0.74,-0.45,0.5,-0.2,0.75,-0.23,0.75,-0.27,0.68,-0.18,0.77
Deer_Park_ISD_Grade 5 Reading+_At Masters Grade Level,Deer_Park_ISD,Grade 5 Reading+,At Masters Grade Level,2021,0.01,0.3,0.01,0.31,0.01,0.29,-0.08,0.09,0,0.24,0.03,0.38,-0.02,0.19,0.03,0.17
Deer_Park_ISD_Grade 5 Reading+_At Meets Grade Level or Above,Deer_Park_ISD,Grade 5 Reading+,At Meets Grade Level or Above,2021,-0.08,0.46,-0.07,0.47,-0.09,0.48,-0.12,0.26,-0.08,0.42,-0.1,0.58,-0.11,0.36,-0.05,0.39
Deer_Park_ISD_Grade 5 Reading+_At Approaches Grade Level or Above,Deer_Park_ISD,Grade 5 Reading+,At Approaches Grade Level or Above,2021,-0.13,0.73,-0.13,0.73,-0.15,0.77,-0.31,0.57,-0.15,0.74,-0.13,0.83,-0.18,0.69,-0.18,0.66
Deer_Park_ISD_Grade 5 Science_At Meets Grade Level or Above,Deer_Park_ISD,Grade 5 Science,At Meets Grade Level or Above,2021,-0.18,0.31,-0.18,0.32,-0.22,0.4,-0.33,0.13,-0.19,0.35,-0.29,0.48,-0.24,0.28,-0.15,0.28
Deer_Park_ISD_Grade 5 Science_At Approaches Grade Level or Above,Deer_Park_ISD,Grade 5 Science,At Approaches Grade Level or Above,2021,-0.13,0.62,-0.13,0.62,-0.11,0.75,-0.31,0.48,-0.11,0.7,-0.12,0.83,-0.15,0.64,-0.1,0.64
Galena_Park_ISD_Grade 3 Mathematics_At Masters Grade Level,Galena_Park_ISD,Grade 3 Mathematics,At Masters Grade Level,2021,-0.11,0.14,-0.1,0.15,-0.12,0.08,-0.06,0.06,-0.13,0.08,-0.12,0.1,-0.12,0.07,-0.14,0.08
Galena_Park_ISD_Grade 3 Mathematics_At Meets Grade Level or Above,Galena_Park_ISD,Grade 3 Mathematics,At Meets Grade Level or Above,2021,-0.18,0.31,-0.18,0.31,-0.23,0.23,-0.15,0.15,-0.25,0.23,-0.15,0.31,-0.24,0.2,-0.26,0.23
Galena_Park_ISD_Grade 3 Mathematics_At Approaches Grade Level or Above,Galena_Park_ISD,Grade 3 Mathematics,At Approaches Grade Level or Above,2021,-0.17,0.62,-0.17,0.62,-0.22,0.58,-0.24,0.46,-0.22,0.6,-0.21,0.62,-0.23,0.56,-0.22,0.61
Galena_Park_ISD_Grade 3 Reading_At Masters Grade Level,Galena_Park_ISD,Grade 3 Reading,At Masters Grade Level,2021,-0.08,0.19,-0.08,0.2,-0.1,0.12,-0.08,0.1,-0.1,0.12,-0.1,0.21,-0.1,0.11,-0.1,0.12
Galena_Park_ISD_Grade 3 Reading_At Meets Grade Level or Above,Galena_Park_ISD,Grade 3 Reading,At Meets Grade Level or Above,2021,-0.06,0.39,-0.07,0.39,-0.14,0.27,-0.13,0.23,-0.15,0.27,-0.01,0.43,-0.15,0.24,-0.18,0.25
Galena_Park_ISD_Grade 3 Reading_At Approaches Grade Level or Above,Galena_Park_ISD,Grade 3 Reading,At Approaches Grade Level or Above,2021,-0.09,0.67,-0.08,0.68,-0.18,0.58,-0.15,0.55,-0.2,0.57,0.02,0.71,-0.2,0.55,-0.22,0.55
Galena_Park_ISD_Grade 4 Mathematics_At Masters Grade Level,Galena_Park_ISD,Grade 4 Mathematics,At Masters Grade Level,2021,-0.07,0.21,-0.08,0.22,-0.11,0.15,-0.08,0.09,-0.11,0.16,-0.23,0.11,-0.11,0.14,-0.11,0.17
Galena_Park_ISD_Grade 4 Mathematics_At Meets Grade Level or Above,Galena_Park_ISD,Grade 4 Mathematics,At Meets Grade Level or Above,2021,-0.12,0.36,-0.12,0.37,-0.18,0.29,-0.2,0.19,-0.17,0.31,-0.19,0.36,-0.18,0.27,-0.15,0.33
Galena_Park_ISD_Grade 4 Mathematics_At Approaches Grade Level or Above,Galena_Park_ISD,Grade 4 Mathematics,At Approaches Grade Level or Above,2021,-0.16,0.59,-0.16,0.6,-0.22,0.56,-0.3,0.43,-0.2,0.58,-0.17,0.64,-0.23,0.54,-0.17,0.61
Galena_Park_ISD_Grade 4 Reading_At Masters Grade Level,Galena_Park_ISD,Grade 4 Reading,At Masters Grade Level,2021,-0.05,0.17,-0.05,0.18,-0.02,0.13,-0.02,0.1,-0.02,0.13,0,0.17,-0.03,0.11,-0.03,0.13
Galena_Park_ISD_Grade 4 Reading_At Meets Grade Level or Above,Galena_Park_ISD,Grade 4 Reading,At Meets Grade Level or Above,2021,-0.08,0.36,-0.08,0.37,-0.07,0.29,-0.05,0.25,-0.07,0.3,-0.12,0.3,-0.09,0.26,-0.07,0.29
Galena_Park_ISD_Grade 4 Reading_At Approaches Grade Level or Above,Galena_Park_ISD,Grade 4 Reading,At Approaches Grade Level or Above,2021,-0.12,0.63,-0.12,0.63,-0.15,0.57,-0.17,0.51,-0.15,0.57,-0.17,0.63,-0.17,0.54,-0.15,0.56
Galena_Park_ISD_Grade 5 Mathematics+_At Masters Grade Level,Galena_Park_ISD,Grade 5 Mathematics+,At Masters Grade Level,2021,-0.11,0.25,-0.12,0.26,-0.15,0.21,-0.14,0.1,-0.14,0.23,-0.36,0.11,-0.14,0.2,-0.13,0.25
Galena_Park_ISD_Grade 5 Mathematics+_At Meets Grade Level or Above,Galena_Park_ISD,Grade 5 Mathematics+,At Meets Grade Level or Above,2021,-0.14,0.44,-0.14,0.45,-0.18,0.41,-0.2,0.24,-0.17,0.44,-0.15,0.45,-0.18,0.39,-0.16,0.46
Galena_Park_ISD_Grade 5 Mathematics+_At Approaches Grade Level or Above,Galena_Park_ISD,Grade 5 Mathematics+,At Approaches Grade Level or Above,2021,-0.2,0.7,-0.19,0.7,-0.22,0.7,-0.35,0.54,-0.2,0.72,-0.1,0.75,-0.23,0.68,-0.21,0.73
Galena_Park_ISD_Grade 5 Reading+_At Masters Grade Level,Galena_Park_ISD,Grade 5 Reading+,At Masters Grade Level,2021,0.01,0.3,0.01,0.31,0.02,0.21,-0.02,0.15,0.03,0.21,-0.05,0.25,0.02,0.19,0.03,0.2
Galena_Park_ISD_Grade 5 Reading+_At Meets Grade Level or Above,Galena_Park_ISD,Grade 5 Reading+,At Meets Grade Level or Above,2021,-0.08,0.46,-0.07,0.47,-0.08,0.37,-0.15,0.27,-0.06,0.38,-0.11,0.43,-0.07,0.35,-0.04,0.4
Galena_Park_ISD_Grade 5 Reading+_At Approaches Grade Level or Above,Galena_Park_ISD,Grade 5 Reading+,At Approaches Grade Level or Above,2021,-0.13,0.73,-0.13,0.73,-0.13,0.71,-0.22,0.57,-0.12,0.73,-0.16,0.68,-0.13,0.7,-0.12,0.74
Galena_Park_ISD_Grade 5 Science_At Masters Grade Level,Galena_Park_ISD,Grade 5 Science,At Masters Grade Level,2021,-0.11,0.13,-0.11,0.14,-0.13,0.07,-0.04,0.06,-0.13,0.07,-0.18,0.09,-0.12,0.06,-0.13,0.07
Galena_Park_ISD_Grade 5 Science_At Meets Grade Level or Above,Galena_Park_ISD,Grade 5 Science,At Meets Grade Level or Above,2021,-0.18,0.31,-0.18,0.32,-0.27,0.21,-0.21,0.14,-0.27,0.22,-0.29,0.27,-0.26,0.2,-0.28,0.22
Galena_Park_ISD_Grade 5 Science_At Approaches Grade Level or Above,Galena_Park_ISD,Grade 5 Science,At Approaches Grade Level or Above,2021,-0.13,0.62,-0.13,0.62,-0.2,0.56,-0.21,0.47,-0.21,0.56,-0.16,0.64,-0.21,0.54,-0.21,0.57
Goose_Creek_ISD_Grade 3 Mathematics_At Masters Grade Level,Goose_Creek_ISD,Grade 3 Mathematics,At Masters Grade Level,2021,-0.11,0.14,-0.1,0.15,-0.07,0.12,-0.07,0.04,-0.08,0.11,-0.06,0.17,-0.07,0.1,-0.07,0.13
Goose_Creek_ISD_Grade 3 Mathematics_At Meets Grade Level or Above,Goose_Creek_ISD,Grade 3 Mathematics,At Meets Grade Level or Above,2021,-0.18,0.31,-0.18,0.31,-0.13,0.28,-0.13,0.15,-0.13,0.28,-0.07,0.41,-0.13,0.24,-0.09,0.31
Goose_Creek_ISD_Grade 3 Mathematics_At Approaches Grade Level or Above,Goose_Creek_ISD,Grade 3 Mathematics,At Approaches Grade Level or Above,2021,-0.17,0.62,-0.17,0.62,-0.14,0.61,-0.17,0.45,-0.13,0.61,-0.14,0.68,-0.16,0.56,-0.1,0.63
Goose_Creek_ISD_Grade 3 Reading_At Masters Grade Level,Goose_Creek_ISD,Grade 3 Reading,At Masters Grade Level,2021,-0.08,0.19,-0.08,0.2,-0.06,0.15,-0.03,0.11,-0.06,0.13,-0.03,0.24,-0.05,0.12,-0.03,0.13
Goose_Creek_ISD_Grade 3 Reading_At Meets Grade Level or Above,Goose_Creek_ISD,Grade 3 Reading,At Meets Grade Level or Above,2021,-0.06,0.39,-0.07,0.39,-0.03,0.34,-0.02,0.25,-0.03,0.32,0.02,0.47,-0.04,0.29,-0.02,0.31
Goose_Creek_ISD_Grade 3 Reading_At Approaches Grade Level or Above,Goose_Creek_ISD,Grade 3 Reading,At Approaches Grade Level or Above,2021,-0.09,0.67,-0.08,0.68,-0.06,0.66,-0.09,0.57,-0.05,0.65,-0.06,0.74,-0.07,0.61,-0.05,0.64
Goose_Creek_ISD_Grade 4 Mathematics_At Masters Grade Level,Goose_Creek_ISD,Grade 4 Mathematics,At Masters Grade Level,2021,-0.07,0.21,-0.08,0.22,-0.04,0.18,-0.08,0.05,-0.04,0.18,0,0.26,-0.05,0.14,-0.07,0.16
Goose_Creek_ISD_Grade 4 Mathematics_At Meets Grade Level or Above,Goose_Creek_ISD,Grade 4 Mathematics,At Meets Grade Level or Above,2021,-0.12,0.36,-0.12,0.37,-0.09,0.32,-0.13,0.16,-0.09,0.33,-0.05,0.4,-0.09,0.28,-0.11,0.31
Goose_Creek_ISD_Grade 4 Mathematics_At Approaches Grade Level or Above,Goose_Creek_ISD,Grade 4 Mathematics,At Approaches Grade Level or Above,2021,-0.16,0.59,-0.16,0.6,-0.13,0.58,-0.26,0.4,-0.12,0.59,-0.08,0.67,-0.14,0.54,-0.12,0.59
Goose_Creek_ISD_Grade 4 Reading_At Masters Grade Level,Goose_Creek_ISD,Grade 4 Reading,At Masters Grade Level,2021,-0.05,0.17,-0.05,0.18,-0.02,0.14,-0.05,0.06,-0.02,0.14,0,0.21,-0.04,0.1,-0.03,0.11
Goose_Creek_ISD_Grade 4 Reading_At Meets Grade Level or Above,Goose_Creek_ISD,Grade 4 Reading,At Meets Grade Level or Above,2021,-0.08,0.36,-0.08,0.37,-0.03,0.34,-0.1,0.22,-0.03,0.33,-0.03,0.42,-0.05,0.28,-0.02,0.31
Goose_Creek_ISD_Grade 4 Reading_At Approaches Grade Level or Above,Goose_Creek_ISD,Grade 4 Reading,At Approaches Grade Level or Above,2021,-0.12,0.63,-0.12,0.63,-0.11,0.6,-0.21,0.45,-0.09,0.62,-0.08,0.65,-0.12,0.55,-0.11,0.59
Goose_Creek_ISD_Grade 5 Mathematics+_At Masters Grade Level,Goose_Creek_ISD,Grade 5 Mathematics+,At Masters Grade Level,2021,-0.11,0.25,-0.12,0.26,-0.06,0.23,-0.06,0.12,-0.06,0.23,-0.11,0.25,-0.06,0.19,-0.12,0.22
Goose_Creek_ISD_Grade 5 Mathematics+_At Meets Grade Level or Above,Goose_Creek_ISD,Grade 5 Mathematics+,At Meets Grade Level or Above,2021,-0.14,0.44,-0.14,0.45,-0.09,0.42,-0.13,0.29,-0.09,0.42,-0.11,0.46,-0.08,0.38,-0.14,0.42
Goose_Creek_ISD_Grade 5 Mathematics+_At Approaches Grade Level or Above,Goose_Creek_ISD,Grade 5 Mathematics+,At Approaches Grade Level or Above,2021,-0.2,0.7,-0.19,0.7,-0.16,0.71,-0.25,0.58,-0.16,0.72,-0.18,0.74,-0.18,0.68,-0.15,0.74
Goose_Creek_ISD_Grade 5 Reading+_At Masters Grade Level,Goose_Creek_ISD,Grade 5 Reading+,At Masters Grade Level,2021,0.01,0.3,0.01,0.31,0.03,0.24,-0.04,0.13,0.03,0.22,0.07,0.36,0.03,0.19,0.03,0.21
Goose_Creek_ISD_Grade 5 Reading+_At Meets Grade Level or Above,Goose_Creek_ISD,Grade 5 Reading+,At Meets Grade Level or Above,2021,-0.08,0.46,-0.07,0.47,-0.02,0.41,-0.11,0.25,-0.01,0.4,-0.01,0.51,-0.01,0.36,0,0.4
Goose_Creek_ISD_Grade 5 Reading+_At Approaches Grade Level or Above,Goose_Creek_ISD,Grade 5 Reading+,At Approaches Grade Level or Above,2021,-0.13,0.73,-0.13,0.73,-0.12,0.71,-0.2,0.62,-0.1,0.71,-0.15,0.76,-0.13,0.67,-0.09,0.72
Goose_Creek_ISD_Grade 5 Science_At Masters Grade Level,Goose_Creek_ISD,Grade 5 Science,At Masters Grade Level,2021,-0.11,0.13,-0.11,0.14,-0.12,0.12,-0.08,0.07,-0.12,0.1,-0.13,0.21,-0.1,0.09,-0.13,0.11
Goose_Creek_ISD_Grade 5 Science_At Meets Grade Level or Above,Goose_Creek_ISD,Grade 5 Science,At Meets Grade Level or Above,2021,-0.18,0.31,-0.18,0.32,-0.19,0.32,-0.23,0.19,-0.18,0.31,-0.22,0.44,-0.17,0.28,-0.17,0.31
Goose_Creek_ISD_Grade 5 Science_At Approaches Grade Level or Above,Goose_Creek_ISD,Grade 5 Science,At Approaches Grade Level or Above,2021,-0.13,0.62,-0.13,0.62,-0.1,0.66,-0.16,0.52,-0.09,0.66,-0.07,0.76,-0.1,0.63,-0.1,0.65
Harmony_Schools_Grade 3 Mathematics_At Masters Grade Level,Harmony_Schools,Grade 3 Mathematics,At Masters Grade Level,2021,-0.11,0.14,-0.1,0.15,-0.08,0.05,-0.11,0.04,-0.07,0.02,0.07,0.15,-0.08,0.03,-0.05,0.07
Harmony_Schools_Grade 3 Mathematics_At Masters Grade Level,Harmony_Schools,Grade 3 Mathematics,At Masters Grade Level,2021,-0.11,0.14,-0.1,0.15,-0.22,0.08,-0.15,0.05,-0.19,0.02,-0.47,0.14,-0.14,0.05,-0.14,0.09
Harmony_Schools_Grade 3 Mathematics_At Meets Grade Level or Above,Harmony_Schools,Grade 3 Mathematics,At Meets Grade Level or Above,2021,-0.18,0.31,-0.18,0.31,-0.23,0.12,-0.24,0.14,-0.21,0.03,-0.27,0.31,-0.22,0.1,-0.2,0.11
Harmony_Schools_Grade 3 Mathematics_At Meets Grade Level or Above,Harmony_Schools,Grade 3 Mathematics,At Meets Grade Level or Above,2021,-0.18,0.31,-0.18,0.31,-0.32,0.19,-0.31,0.14,-0.34,0.09,-0.37,0.33,-0.27,0.14,-0.26,0.2
Harmony_Schools_Grade 3 Mathematics_At Approaches Grade Level or Above,Harmony_Schools,Grade 3 Mathematics,At Approaches Grade Level or Above,2021,-0.17,0.62,-0.17,0.62,-0.34,0.38,-0.3,0.46,-0.43,0.22,-0.37,0.46,-0.35,0.36,-0.33,0.34
Harmony_Schools_Grade 3 Mathematics_At Approaches Grade Level or Above,Harmony_Schools,Grade 3 Mathematics,At Approaches Grade Level or Above,2021,-0.17,0.62,-0.17,0.62,-0.31,0.49,-0.33,0.42,-0.37,0.39,-0.19,0.69,-0.35,0.4,-0.32,0.44
Harmony_Schools_Grade 3 Reading_At Masters Grade Level,Harmony_Schools,Grade 3 Reading,At Masters Grade Level,2021,-0.08,0.19,-0.08,0.2,-0.15,0.08,-0.17,0.08,-0.13,0.05,-0.09,0.08,-0.15,0.07,-0.12,0.09
Harmony_Schools_Grade 3 Reading_At Masters Grade Level,Harmony_Schools,Grade 3 Reading,At Masters Grade Level,2021,-0.08,0.19,-0.08,0.2,-0.23,0.14,-0.24,0.12,-0.2,0.09,-0.31,0.21,-0.18,0.11,-0.15,0.15
Harmony_Schools_Grade 3 Reading_At Meets Grade Level or Above,Harmony_Schools,Grade 3 Reading,At Meets Grade Level or Above,2021,-0.06,0.39,-0.07,0.39,-0.16,0.22,-0.15,0.23,-0.15,0.15,-0.27,0.23,-0.14,0.21,-0.08,0.23
Harmony_Schools_Grade 3 Reading_At Meets Grade Level or Above,Harmony_Schools,Grade 3 Reading,At Meets Grade Level or Above,2021,-0.06,0.39,-0.07,0.39,-0.25,0.31,-0.21,0.3,-0.26,0.22,-0.29,0.47,-0.24,0.23,-0.17,0.31
Harmony_Schools_Grade 3 Reading_At Approaches Grade Level or Above,Harmony_Schools,Grade 3 Reading,At Approaches Grade Level or Above,2021,-0.09,0.67,-0.08,0.68,-0.14,0.54,-0.15,0.58,-0.12,0.48,-0.13,0.62,-0.13,0.53,-0.09,0.5
Harmony_Schools_Grade 3 Reading_At Approaches Grade Level or Above,Harmony_Schools,Grade 3 Reading,At Approaches Grade Level or Above,2021,-0.09,0.67,-0.08,0.68,-0.15,0.63,-0.18,0.63,-0.16,0.54,-0.12,0.76,-0.17,0.55,-0.12,0.59
Harmony_Schools_Grade 4 Mathematics_At Masters Grade Level,Harmony_Schools,Grade 4 Mathematics,At Masters Grade Level,2021,-0.07,0.21,-0.08,0.22,-0.16,0.12,-0.18,0.09,-0.13,0.06,-0.13,0.22,-0.15,0.06,-0.15,0.11
Harmony_Schools_Grade 4 Mathematics_At Masters Grade Level,Harmony_Schools,Grade 4 Mathematics,At Masters Grade Level,2021,-0.07,0.21,-0.08,0.22,-0.16,0.11,-0.09,0.14,-0.23,0.06,0.08,0.17,-0.15,0.1,-0.08,0.11
Harmony_Schools_Grade 4 Mathematics_At Meets Grade Level or Above,Harmony_Schools,Grade 4 Mathematics,At Meets Grade Level or Above,2021,-0.12,0.36,-0.12,0.37,-0.21,0.23,-0.16,0.25,-0.22,0.14,-0.25,0.34,-0.23,0.16,-0.24,0.22
Harmony_Schools_Grade 4 Mathematics_At Meets Grade Level or Above,Harmony_Schools,Grade 4 Mathematics,At Meets Grade Level or Above,2021,-0.12,0.36,-0.12,0.37,-0.24,0.25,-0.17,0.28,-0.35,0.15,0.22,0.67,-0.23,0.22,-0.16,0.26
Harmony_Schools_Grade 4 Mathematics_At Approaches Grade Level or Above,Harmony_Schools,Grade 4 Mathematics,At Approaches Grade Level or Above,2021,-0.16,0.59,-0.16,0.6,-0.24,0.5,-0.26,0.45,-0.25,0.42,-0.15,0.66,-0.27,0.41,-0.28,0.47
Harmony_Schools_Grade 4 Mathematics_At Approaches Grade Level or Above,Harmony_Schools,Grade 4 Mathematics,At Approaches Grade Level or Above,2021,-0.16,0.59,-0.16,0.6,-0.33,0.5,-0.27,0.55,-0.44,0.4,-0.15,0.67,-0.35,0.47,-0.34,0.48
Harmony_Schools_Grade 4 Reading_At Masters Grade Level,Harmony_Schools,Grade 4 Reading,At Masters Grade Level,2021,-0.05,0.17,-0.05,0.18,-0.14,0.09,-0.14,0.08,-0.1,0.08,-0.08,0.16,-0.14,0.05,-0.15,0.07
Harmony_Schools_Grade 4 Reading_At Masters Grade Level,Harmony_Schools,Grade 4 Reading,At Masters Grade Level,2021,-0.05,0.17,-0.05,0.18,-0.05,0.13,0,0.23,-0.09,0.03,-0.01,0.17,-0.02,0.13,-0.02,0.09
Harmony_Schools_Grade 4 Reading_At Meets Grade Level or Above,Harmony_Schools,Grade 4 Reading,At Meets Grade Level or Above,2021,-0.08,0.36,-0.08,0.37,-0.09,0.3,0.06,0.43,-0.19,0.17,-0.03,0.33,-0.08,0.27,-0.15,0.2
Harmony_Schools_Grade 4 Reading_At Meets Grade Level or Above,Harmony_Schools,Grade 4 Reading,At Meets Grade Level or Above,2021,-0.08,0.36,-0.08,0.37,-0.2,0.25,-0.13,0.29,-0.22,0.17,-0.21,0.38,-0.2,0.18,-0.25,0.21
Harmony_Schools_Grade 4 Reading_At Approaches Grade Level or Above,Harmony_Schools,Grade 4 Reading,At Approaches Grade Level or Above,2021,-0.12,0.63,-0.12,0.63,-0.25,0.54,-0.28,0.52,-0.29,0.43,-0.17,0.75,-0.28,0.45,-0.23,0.52
Harmony_Schools_Grade 4 Reading_At Approaches Grade Level or Above,Harmony_Schools,Grade 4 Reading,At Approaches Grade Level or Above,2021,-0.12,0.63,-0.12,0.63,-0.09,0.57,-0.04,0.62,-0.14,0.5,-0.32,0.5,-0.1,0.55,-0.12,0.54
Harmony_Schools_Grade 5 Mathematics+_At Masters Grade Level,Harmony_Schools,Grade 5 Mathematics+,At Masters Grade Level,2021,-0.11,0.25,-0.12,0.26,-0.26,0.12,-0.38,0.1,-0.15,0.11,-0.4,0.1,-0.25,0.12,-0.21,0.1
Harmony_Schools_Grade 5 Mathematics+_At Masters Grade Level,Harmony_Schools,Grade 5 Mathematics+,At Masters Grade Level,2021,-0.11,0.25,-0.12,0.26,-0.13,0.21,-0.11,0.16,-0.07,0.19,-0.26,0.21,-0.12,0.14,-0.16,0.15
Harmony_Schools_Grade 5 Mathematics+_At Meets Grade Level or Above,Harmony_Schools,Grade 5 Mathematics+,At Meets Grade Level or Above,2021,-0.14,0.44,-0.14,0.45,-0.32,0.3,-0.49,0.25,-0.2,0.29,-0.6,0.2,-0.31,0.28,-0.3,0.26
Harmony_Schools_Grade 5 Mathematics+_At Meets Grade Level or Above,Harmony_Schools,Grade 5 Mathematics+,At Meets Grade Level or Above,2021,-0.14,0.44,-0.14,0.45,-0.14,0.41,-0.15,0.33,-0.05,0.4,-0.19,0.51,-0.11,0.35,-0.14,0.36
Harmony_Schools_Grade 5 Mathematics+_At Approaches Grade Level or Above,Harmony_Schools,Grade 5 Mathematics+,At Approaches Grade Level or Above,2021,-0.2,0.7,-0.19,0.7,-0.21,0.66,-0.21,0.61,-0.2,0.64,-0.22,0.74,-0.24,0.6,-0.28,0.6
Harmony_Schools_Grade 5 Mathematics+_At Approaches Grade Level or Above,Harmony_Schools,Grade 5 Mathematics+,At Approaches Grade Level or Above,2021,-0.2,0.7,-0.19,0.7,-0.27,0.62,-0.32,0.6,-0.25,0.6,-0.3,0.7,-0.27,0.61,-0.26,0.62
Harmony_Schools_Grade 5 Reading+_At Masters Grade Level,Harmony_Schools,Grade 5 Reading+,At Masters Grade Level,2021,0.01,0.3,0.01,0.31,-0.12,0.19,-0.17,0.24,-0.07,0.12,-0.4,0.1,-0.1,0.19,-0.13,0.13
Harmony_Schools_Grade 5 Reading+_At Masters Grade Level,Harmony_Schools,Grade 5 Reading+,At Masters Grade Level,2021,0.01,0.3,0.01,0.31,-0.02,0.28,0,0.25,0.03,0.25,-0.16,0.29,-0.03,0.2,-0.06,0.2
Harmony_Schools_Grade 5 Reading+_At Meets Grade Level or Above,Harmony_Schools,Grade 5 Reading+,At Meets Grade Level or Above,2021,-0.08,0.46,-0.07,0.47,-0.18,0.36,-0.3,0.4,-0.07,0.32,-0.7,0.1,-0.16,0.35,-0.14,0.31
Harmony_Schools_Grade 5 Reading+_At Meets Grade Level or Above,Harmony_Schools,Grade 5 Reading+,At Meets Grade Level or Above,2021,-0.08,0.46,-0.07,0.47,-0.06,0.45,-0.09,0.4,-0.02,0.41,-0.09,0.55,-0.07,0.38,-0.1,0.35
Harmony_Schools_Grade 5 Reading+_At Approaches Grade Level or Above,Harmony_Schools,Grade 5 Reading+,At Approaches Grade Level or Above,2021,-0.13,0.73,-0.13,0.73,-0.21,0.67,-0.15,0.75,-0.26,0.57,-0.2,0.8,-0.22,0.65,-0.25,0.6
Harmony_Schools_Grade 5 Reading+_At Approaches Grade Level or Above,Harmony_Schools,Grade 5 Reading+,At Approaches Grade Level or Above,2021,-0.13,0.73,-0.13,0.73,-0.13,0.71,-0.07,0.72,-0.16,0.66,-0.2,0.74,-0.16,0.65,-0.18,0.65
Harmony_Schools_Grade 5 Science_At Masters Grade Level,Harmony_Schools,Grade 5 Science,At Masters Grade Level,2021,-0.11,0.13,-0.11,0.14,-0.05,0.1,0,0.06,-0.05,0.07,-0.03,0.18,-0.05,0.06,-0.08,0.06
Harmony_Schools_Grade 5 Science_At Meets Grade Level or Above,Harmony_Schools,Grade 5 Science,At Meets Grade Level or Above,2021,-0.18,0.31,-0.18,0.32,-0.1,0.26,-0.08,0.18,-0.1,0.21,-0.19,0.32,-0.1,0.19,-0.14,0.18
Harmony_Schools_Grade 5 Science_At Approaches Grade Level or Above,Harmony_Schools,Grade 5 Science,At Approaches Grade Level or Above,2021,-0.13,0.62,-0.13,0.62,-0.19,0.48,-0.27,0.48,-0.18,0.42,-0.4,0.4,-0.2,0.45,-0.19,0.41
Harmony_Schools_Grade 5 Science_At Approaches Grade Level or Above,Harmony_Schools,Grade 5 Science,At Approaches Grade Level or Above,2021,-0.13,0.62,-0.13,0.62,-0.1,0.55,-0.15,0.46,-0.08,0.51,-0.11,0.66,-0.11,0.48,-0.11,0.49
Houston_ISD_Grade 3 Mathematics_At Masters Grade Level,Houston_ISD,Grade 3 Mathematics,At Masters Grade Level,2021,-0.11,0.14,-0.1,0.15,-0.12,0.12,-0.08,0.05,-0.14,0.07,-0.09,0.38,-0.12,0.06,-0.14,0.08
Houston_ISD_Grade 3 Mathematics_At Meets Grade Level or Above,Houston_ISD,Grade 3 Mathematics,At Meets Grade Level or Above,2021,-0.18,0.31,-0.18,0.31,-0.22,0.24,-0.19,0.12,-0.26,0.19,-0.13,0.59,-0.24,0.16,-0.27,0.19
Houston_ISD_Grade 3 Mathematics_At Approaches Grade Level or Above,Houston_ISD,Grade 3 Mathematics,At Approaches Grade Level or Above,2021,-0.17,0.62,-0.17,0.62,-0.25,0.51,-0.29,0.34,-0.29,0.48,-0.06,0.85,-0.29,0.43,-0.3,0.48
Houston_ISD_Grade 3 Reading_At Masters Grade Level,Houston_ISD,Grade 3 Reading,At Masters Grade Level,2021,-0.08,0.19,-0.08,0.2,-0.09,0.17,-0.08,0.08,-0.1,0.12,-0.06,0.48,-0.09,0.1,-0.11,0.12
Houston_ISD_Grade 3 Reading_At Meets Grade Level or Above,Houston_ISD,Grade 3 Reading,At Meets Grade Level or Above,2021,-0.06,0.39,-0.07,0.39,-0.1,0.32,-0.07,0.22,-0.13,0.26,0.02,0.71,-0.12,0.23,-0.15,0.25
Houston_ISD_Grade 3 Reading_At Approaches Grade Level or Above,Houston_ISD,Grade 3 Reading,At Approaches Grade Level or Above,2021,-0.09,0.67,-0.08,0.68,-0.13,0.59,-0.11,0.49,-0.17,0.54,0,0.9,-0.16,0.51,-0.18,0.54
Houston_ISD_Grade 4 Mathematics_At Masters Grade Level,Houston_ISD,Grade 4 Mathematics,At Masters Grade Level,2021,-0.07,0.21,-0.08,0.22,-0.11,0.16,-0.07,0.08,-0.15,0.11,-0.08,0.44,-0.13,0.09,-0.15,0.12
Houston_ISD_Grade 4 Mathematics_At Meets Grade Level or Above,Houston_ISD,Grade 4 Mathematics,At Meets Grade Level or Above,2021,-0.12,0.36,-0.12,0.37,-0.17,0.28,-0.13,0.17,-0.23,0.22,-0.09,0.61,-0.2,0.2,-0.24,0.22
Houston_ISD_Grade 4 Mathematics_At Approaches Grade Level or Above,Houston_ISD,Grade 4 Mathematics,At Approaches Grade Level or Above,2021,-0.16,0.59,-0.16,0.6,-0.23,0.49,-0.24,0.35,-0.28,0.45,-0.09,0.79,-0.28,0.41,-0.29,0.45
Houston_ISD_Grade 4 Reading_At Masters Grade Level,Houston_ISD,Grade 4 Reading,At Masters Grade Level,2021,-0.05,0.17,-0.05,0.18,-0.05,0.15,-0.03,0.09,-0.07,0.1,-0.03,0.44,-0.05,0.09,-0.06,0.1
Houston_ISD_Grade 4 Reading_At Meets Grade Level or Above,Houston_ISD,Grade 4 Reading,At Meets Grade Level or Above,2021,-0.08,0.36,-0.08,0.37,-0.08,0.31,-0.06,0.23,-0.11,0.25,-0.02,0.66,-0.09,0.23,-0.1,0.24
Houston_ISD_Grade 4 Reading_At Approaches Grade Level or Above,Houston_ISD,Grade 4 Reading,At Approaches Grade Level or Above,2021,-0.12,0.63,-0.12,0.63,-0.13,0.56,-0.11,0.48,-0.17,0.51,-0.05,0.84,-0.15,0.49,-0.17,0.49
Houston_ISD_Grade 5 Mathematics+_At Masters Grade Level,Houston_ISD,Grade 5 Mathematics+,At Masters Grade Level,2021,-0.11,0.25,-0.12,0.26,-0.16,0.2,-0.12,0.09,-0.19,0.15,-0.12,0.5,-0.17,0.13,-0.19,0.16
Houston_ISD_Grade 5 Mathematics+_At Meets Grade Level or Above,Houston_ISD,Grade 5 Mathematics+,At Meets Grade Level or Above,2021,-0.14,0.44,-0.14,0.45,-0.2,0.35,-0.18,0.22,-0.24,0.31,-0.09,0.68,-0.22,0.28,-0.25,0.31
Houston_ISD_Grade 5 Mathematics+_At Approaches Grade Level or Above,Houston_ISD,Grade 5 Mathematics+,At Approaches Grade Level or Above,2021,-0.2,0.7,-0.19,0.7,-0.26,0.6,-0.31,0.47,-0.29,0.57,-0.08,0.86,-0.3,0.54,-0.29,0.58
Houston_ISD_Grade 5 Reading+_At Masters Grade Level,Houston_ISD,Grade 5 Reading+,At Masters Grade Level,2021,0.01,0.3,0.01,0.31,0,0.26,-0.01,0.18,-0.01,0.2,0.04,0.63,-0.01,0.18,0.01,0.19
Houston_ISD_Grade 5 Reading+_At Meets Grade Level or Above,Houston_ISD,Grade 5 Reading+,At Meets Grade Level or Above,2021,-0.08,0.46,-0.07,0.47,-0.06,0.41,-0.09,0.31,-0.07,0.36,-0.04,0.76,-0.08,0.33,-0.04,0.35
Houston_ISD_Grade 5 Reading+_At Approaches Grade Level or Above,Houston_ISD,Grade 5 Reading+,At Approaches Grade Level or Above,2021,-0.13,0.73,-0.13,0.73,-0.15,0.66,-0.2,0.56,-0.16,0.64,-0.05,0.9,-0.17,0.61,-0.16,0.62
Houston_ISD_Grade 5 Science_At Masters Grade Level,Houston_ISD,Grade 5 Science,At Masters Grade Level,2021,-0.11,0.13,-0.11,0.14,-0.09,0.1,-0.06,0.04,-0.11,0.06,-0.1,0.34,-0.1,0.04,-0.11,0.05
Houston_ISD_Grade 5 Science_At Meets Grade Level or Above,Houston_ISD,Grade 5 Science,At Meets Grade Level or Above,2021,-0.18,0.31,-0.18,0.32,-0.19,0.23,-0.14,0.15,-0.23,0.17,-0.12,0.58,-0.21,0.15,-0.22,0.15
Houston_ISD_Grade 5 Science_At Approaches Grade Level or Above,Houston_ISD,Grade 5 Science,At Approaches Grade Level or Above,2021,-0.13,0.62,-0.13,0.62,-0.18,0.5,-0.18,0.41,-0.22,0.45,-0.06,0.82,-0.22,0.42,-0.22,0.43
Huffman_ISD_Grade 4 Mathematics_At Masters Grade Level,Huffman_ISD,Grade 4 Mathematics,At Masters Grade Level,2021,-0.07,0.21,-0.08,0.22,-0.09,0.13,-0.48,0.08,-0.12,0.09,-0.07,0.14,-0.15,0.05,-0.01,0.09
Huffman_ISD_Grade 4 Mathematics_At Meets Grade Level or Above,Huffman_ISD,Grade 4 Mathematics,At Meets Grade Level or Above,2021,-0.12,0.36,-0.12,0.37,-0.14,0.23,-0.23,0.33,-0.22,0.17,-0.12,0.24,-0.19,0.14,-0.09,0.14
Huffman_ISD_Grade 4 Mathematics_At Approaches Grade Level or Above,Huffman_ISD,Grade 4 Mathematics,At Approaches Grade Level or Above,2021,-0.16,0.59,-0.16,0.6,-0.17,0.5,-0.39,0.5,-0.13,0.48,-0.16,0.52,-0.23,0.37,0.05,0.5
Huffman_ISD_Grade 4 Reading_At Masters Grade Level,Huffman_ISD,Grade 4 Reading,At Masters Grade Level,2021,-0.05,0.17,-0.05,0.18,-0.03,0.15,-0.36,0.08,-0.11,0.08,0.02,0.18,-0.03,0.08,-0.01,0.05
Huffman_ISD_Grade 4 Reading_At Meets Grade Level or Above,Huffman_ISD,Grade 4 Reading,At Meets Grade Level or Above,2021,-0.08,0.36,-0.08,0.37,-0.08,0.31,-0.31,0.25,-0.12,0.23,-0.05,0.34,-0.12,0.18,-0.05,0.18
Huffman_ISD_Grade 4 Reading_At Approaches Grade Level or Above,Huffman_ISD,Grade 4 Reading,At Approaches Grade Level or Above,2021,-0.12,0.63,-0.12,0.63,-0.18,0.57,-0.22,0.67,-0.3,0.51,-0.15,0.58,-0.26,0.41,-0.36,0.32
Humble_ISD_Grade 3 Mathematics_At Masters Grade Level,Humble_ISD,Grade 3 Mathematics,At Masters Grade Level,2021,-0.11,0.14,-0.1,0.15,-0.09,0.12,-0.09,0.03,-0.05,0.08,-0.1,0.21,-0.05,0.06,-0.09,0.07
Humble_ISD_Grade 3 Mathematics_At Meets Grade Level or Above,Humble_ISD,Grade 3 Mathematics,At Meets Grade Level or Above,2021,-0.18,0.31,-0.18,0.31,-0.15,0.3,-0.14,0.16,-0.14,0.23,-0.12,0.45,-0.15,0.16,-0.17,0.2
Humble_ISD_Grade 3 Mathematics_At Approaches Grade Level or Above,Humble_ISD,Grade 3 Mathematics,At Approaches Grade Level or Above,2021,-0.17,0.62,-0.17,0.62,-0.15,0.62,-0.19,0.44,-0.18,0.56,-0.09,0.78,-0.2,0.46,-0.22,0.52
Humble_ISD_Grade 3 Reading_At Masters Grade Level,Humble_ISD,Grade 3 Reading,At Masters Grade Level,2021,-0.08,0.19,-0.08,0.2,-0.09,0.19,-0.1,0.08,-0.06,0.14,-0.08,0.3,-0.07,0.09,-0.05,0.13
Humble_ISD_Grade 3 Reading_At Meets Grade Level or Above,Humble_ISD,Grade 3 Reading,At Meets Grade Level or Above,2021,-0.06,0.39,-0.07,0.39,-0.07,0.39,-0.1,0.24,-0.08,0.3,-0.04,0.55,-0.08,0.22,-0.11,0.25
Humble_ISD_Grade 3 Reading_At Approaches Grade Level or Above,Humble_ISD,Grade 3 Reading,At Approaches Grade Level or Above,2021,-0.09,0.67,-0.08,0.68,-0.09,0.69,-0.1,0.56,-0.12,0.62,-0.04,0.83,-0.13,0.54,-0.15,0.57
Humble_ISD_Grade 4 Mathematics_At Masters Grade Level,Humble_ISD,Grade 4 Mathematics,At Masters Grade Level,2021,-0.07,0.21,-0.08,0.22,-0.05,0.21,-0.04,0.08,-0.07,0.14,-0.04,0.34,-0.05,0.1,-0.1,0.12
Humble_ISD_Grade 4 Mathematics_At Meets Grade Level or Above,Humble_ISD,Grade 4 Mathematics,At Meets Grade Level or Above,2021,-0.12,0.36,-0.12,0.37,-0.09,0.35,-0.08,0.18,-0.1,0.28,-0.06,0.53,-0.08,0.21,-0.12,0.25
Humble_ISD_Grade 4 Mathematics_At Approaches Grade Level or Above,Humble_ISD,Grade 4 Mathematics,At Approaches Grade Level or Above,2021,-0.16,0.59,-0.16,0.6,-0.13,0.59,-0.13,0.42,-0.17,0.53,-0.09,0.75,-0.16,0.43,-0.21,0.47
Humble_ISD_Grade 4 Reading_At Masters Grade Level,Humble_ISD,Grade 4 Reading,At Masters Grade Level,2021,-0.05,0.17,-0.05,0.18,-0.06,0.17,-0.02,0.1,-0.07,0.11,-0.06,0.28,-0.05,0.07,-0.08,0.06
Humble_ISD_Grade 4 Reading_At Meets Grade Level or Above,Humble_ISD,Grade 4 Reading,At Meets Grade Level or Above,2021,-0.08,0.36,-0.08,0.37,-0.08,0.37,-0.03,0.25,-0.1,0.29,-0.07,0.53,-0.05,0.22,-0.12,0.2
Humble_ISD_Grade 4 Reading_At Approaches Grade Level or Above,Humble_ISD,Grade 4 Reading,At Approaches Grade Level or Above,2021,-0.12,0.63,-0.12,0.63,-0.1,0.64,-0.09,0.51,-0.13,0.58,-0.07,0.78,-0.12,0.48,-0.15,0.49
Humble_ISD_Grade 5 Mathematics+_At Masters Grade Level,Humble_ISD,Grade 5 Mathematics+,At Masters Grade Level,2021,-0.11,0.25,-0.12,0.26,-0.13,0.24,-0.08,0.11,-0.12,0.16,-0.14,0.38,-0.1,0.1,-0.12,0.15
Humble_ISD_Grade 5 Mathematics+_At Meets Grade Level or Above,Humble_ISD,Grade 5 Mathematics+,At Meets Grade Level or Above,2021,-0.14,0.44,-0.14,0.45,-0.12,0.44,-0.07,0.27,-0.15,0.35,-0.12,0.6,-0.13,0.27,-0.19,0.33
Humble_ISD_Grade 5 Mathematics+_At Approaches Grade Level or Above,Humble_ISD,Grade 5 Mathematics+,At Approaches Grade Level or Above,2021,-0.2,0.7,-0.19,0.7,-0.17,0.71,-0.2,0.55,-0.23,0.66,-0.11,0.84,-0.22,0.57,-0.25,0.63
Humble_ISD_Grade 5 Reading+_At Masters Grade Level,Humble_ISD,Grade 5 Reading+,At Masters Grade Level,2021,0.01,0.3,0.01,0.31,0.01,0.33,0.05,0.21,-0.01,0.23,0.01,0.48,-0.01,0.17,-0.01,0.17
Humble_ISD_Grade 5 Reading+_At Meets Grade Level or Above,Humble_ISD,Grade 5 Reading+,At Meets Grade Level or Above,2021,-0.08,0.46,-0.07,0.47,-0.07,0.5,-0.02,0.37,-0.1,0.4,-0.06,0.66,-0.08,0.33,-0.1,0.34
Humble_ISD_Grade 5 Reading+_At Approaches Grade Level or Above,Humble_ISD,Grade 5 Reading+,At Approaches Grade Level or Above,2021,-0.13,0.73,-0.13,0.73,-0.11,0.77,-0.12,0.65,-0.13,0.73,-0.08,0.87,-0.14,0.66,-0.14,0.68
Humble_ISD_Grade 5 Science_At Masters Grade Level,Humble_ISD,Grade 5 Science,At Masters Grade Level,2021,-0.11,0.13,-0.11,0.14,-0.1,0.12,-0.04,0.04,-0.09,0.06,-0.14,0.2,-0.06,0.04,-0.08,0.05
Humble_ISD_Grade 5 Science_At Meets Grade Level or Above,Humble_ISD,Grade 5 Science,At Meets Grade Level or Above,2021,-0.18,0.31,-0.18,0.32,-0.16,0.3,-0.1,0.14,-0.17,0.2,-0.16,0.48,-0.13,0.14,-0.18,0.16
Humble_ISD_Grade 5 Science_At Approaches Grade Level or Above,Humble_ISD,Grade 5 Science,At Approaches Grade Level or Above,2021,-0.13,0.62,-0.13,0.62,-0.1,0.62,-0.07,0.45,-0.11,0.55,-0.09,0.78,-0.11,0.47,-0.16,0.5
Katy_ISD_Grade 3 Mathematics_At Masters Grade Level,Katy_ISD,Grade 3 Mathematics,At Masters Grade Level,2021,-0.11,0.14,-0.1,0.15,-0.1,0.27,-0.1,0.13,-0.06,0.17,-0.07,0.32,-0.06,0.13,-0.09,0.25
Katy_ISD_Grade 3 Mathematics_At Meets Grade Level or Above,Katy_ISD,Grade 3 Mathematics,At Meets Grade Level or Above,2021,-0.18,0.31,-0.18,0.31,-0.13,0.49,-0.16,0.29,-0.14,0.35,-0.06,0.61,-0.14,0.29,-0.13,0.46
Katy_ISD_Grade 3 Mathematics_At Approaches Grade Level or Above,Katy_ISD,Grade 3 Mathematics,At Approaches Grade Level or Above,2021,-0.17,0.62,-0.17,0.62,-0.08,0.8,-0.11,0.65,-0.11,0.72,-0.04,0.88,-0.13,0.66,-0.09,0.79
Katy_ISD_Grade 3 Reading_At Masters Grade Level,Katy_ISD,Grade 3 Reading,At Masters Grade Level,2021,-0.08,0.19,-0.08,0.2,-0.08,0.33,-0.09,0.21,-0.07,0.24,-0.02,0.42,-0.07,0.18,-0.07,0.29
Katy_ISD_Grade 3 Reading_At Meets Grade Level or Above,Katy_ISD,Grade 3 Reading,At Meets Grade Level or Above,2021,-0.06,0.39,-0.07,0.39,-0.03,0.58,-0.02,0.45,-0.03,0.47,0.03,0.68,-0.02,0.4,-0.01,0.53
Katy_ISD_Grade 3 Reading_At Approaches Grade Level or Above,Katy_ISD,Grade 3 Reading,At Approaches Grade Level or Above,2021,-0.09,0.67,-0.08,0.68,-0.04,0.85,-0.08,0.74,-0.05,0.78,0.01,0.92,-0.06,0.73,-0.03,0.82
Katy_ISD_Grade 4 Mathematics_At Masters Grade Level,Katy_ISD,Grade 4 Mathematics,At Masters Grade Level,2021,-0.07,0.21,-0.08,0.22,-0.03,0.41,-0.05,0.19,-0.04,0.26,-0.01,0.49,-0.03,0.2,-0.04,0.39
Katy_ISD_Grade 4 Mathematics_At Meets Grade Level or Above,Katy_ISD,Grade 4 Mathematics,At Meets Grade Level or Above,2021,-0.12,0.36,-0.12,0.37,-0.05,0.59,-0.05,0.37,-0.08,0.44,-0.03,0.69,-0.07,0.37,-0.07,0.56
Katy_ISD_Grade 4 Mathematics_At Approaches Grade Level or Above,Katy_ISD,Grade 4 Mathematics,At Approaches Grade Level or Above,2021,-0.16,0.59,-0.16,0.6,-0.08,0.79,-0.11,0.61,-0.13,0.69,-0.05,0.87,-0.13,0.62,-0.09,0.77
Katy_ISD_Grade 4 Reading_At Masters Grade Level,Katy_ISD,Grade 4 Reading,At Masters Grade Level,2021,-0.05,0.17,-0.05,0.18,-0.04,0.32,-0.02,0.19,-0.05,0.21,-0.03,0.37,-0.03,0.16,-0.02,0.29
Katy_ISD_Grade 4 Reading_At Meets Grade Level or Above,Katy_ISD,Grade 4 Reading,At Meets Grade Level or Above,2021,-0.08,0.36,-0.08,0.37,-0.06,0.56,-0.05,0.4,-0.1,0.42,-0.04,0.65,-0.07,0.37,-0.06,0.51
Katy_ISD_Grade 4 Reading_At Approaches Grade Level or Above,Katy_ISD,Grade 4 Reading,At Approaches Grade Level or Above,2021,-0.12,0.63,-0.12,0.63,-0.07,0.81,-0.09,0.68,-0.1,0.74,-0.05,0.87,-0.1,0.68,-0.07,0.79
Katy_ISD_Grade 5 Mathematics+_At Masters Grade Level,Katy_ISD,Grade 5 Mathematics+,At Masters Grade Level,2021,-0.11,0.25,-0.12,0.26,-0.08,0.45,-0.1,0.26,-0.08,0.3,-0.07,0.51,-0.11,0.23,-0.11,0.41
Katy_ISD_Grade 5 Mathematics+_At Meets Grade Level or Above,Katy_ISD,Grade 5 Mathematics+,At Meets Grade Level or Above,2021,-0.14,0.44,-0.14,0.45,-0.07,0.66,-0.11,0.45,-0.09,0.54,-0.05,0.74,-0.11,0.46,-0.09,0.63
Katy_ISD_Grade 5 Mathematics+_At Approaches Grade Level or Above,Katy_ISD,Grade 5 Mathematics+,At Approaches Grade Level or Above,2021,-0.2,0.7,-0.19,0.7,-0.1,0.86,-0.19,0.71,-0.13,0.81,-0.05,0.92,-0.17,0.75,-0.11,0.85
Katy_ISD_Grade 5 Reading+_At Masters Grade Level,Katy_ISD,Grade 5 Reading+,At Masters Grade Level,2021,0.01,0.3,0.01,0.31,0.04,0.49,0.05,0.37,0.03,0.37,0.04,0.55,0.03,0.3,0.02,0.43
Katy_ISD_Grade 5 Reading+_At Meets Grade Level or Above,Katy_ISD,Grade 5 Reading+,At Meets Grade Level or Above,2021,-0.08,0.46,-0.07,0.47,-0.06,0.66,-0.05,0.54,-0.05,0.56,-0.05,0.72,-0.06,0.49,-0.06,0.61
Katy_ISD_Grade 5 Reading+_At Approaches Grade Level or Above,Katy_ISD,Grade 5 Reading+,At Approaches Grade Level or Above,2021,-0.13,0.73,-0.13,0.73,-0.06,0.88,-0.1,0.79,-0.07,0.84,-0.05,0.92,-0.09,0.79,-0.06,0.87
Katy_ISD_Grade 5 Science_At Masters Grade Level,Katy_ISD,Grade 5 Science,At Masters Grade Level,2021,-0.11,0.13,-0.11,0.14,-0.13,0.26,-0.12,0.12,-0.13,0.14,-0.13,0.31,-0.13,0.1,-0.14,0.22
Katy_ISD_Grade 5 Science_At Meets Grade Level or Above,Katy_ISD,Grade 5 Science,At Meets Grade Level or Above,2021,-0.18,0.31,-0.18,0.32,-0.16,0.52,-0.15,0.35,-0.2,0.38,-0.14,0.6,-0.21,0.31,-0.19,0.46
Katy_ISD_Grade 5 Science_At Approaches Grade Level or Above,Katy_ISD,Grade 5 Science,At Approaches Grade Level or Above,2021,-0.13,0.62,-0.13,0.62,-0.07,0.81,-0.09,0.67,-0.11,0.73,-0.04,0.89,-0.13,0.66,-0.12,0.76
Klein_ISD_Grade 3 Mathematics_At Masters Grade Level,Klein_ISD,Grade 3 Mathematics,At Masters Grade Level,2021,-0.11,0.14,-0.1,0.15,-0.08,0.16,-0.05,0.07,-0.07,0.1,-0.09,0.25,-0.06,0.1,-0.07,0.13
Klein_ISD_Grade 3 Mathematics_At Meets Grade Level or Above,Klein_ISD,Grade 3 Mathematics,At Meets Grade Level or Above,2021,-0.18,0.31,-0.18,0.31,-0.13,0.38,-0.14,0.22,-0.13,0.29,-0.11,0.52,-0.12,0.26,-0.13,0.32
Klein_ISD_Grade 3 Mathematics_At Approaches Grade Level or Above,Klein_ISD,Grade 3 Mathematics,At Approaches Grade Level or Above,2021,-0.17,0.62,-0.17,0.62,-0.09,0.72,-0.17,0.54,-0.1,0.67,-0.06,0.83,-0.12,0.61,-0.08,0.7
Klein_ISD_Grade 3 Reading_At Masters Grade Level,Klein_ISD,Grade 3 Reading,At Masters Grade Level,2021,-0.08,0.19,-0.08,0.2,-0.08,0.23,-0.07,0.14,-0.09,0.15,-0.08,0.33,-0.07,0.15,-0.08,0.15
Klein_ISD_Grade 3 Reading_At Meets Grade Level or Above,Klein_ISD,Grade 3 Reading,At Meets Grade Level or Above,2021,-0.06,0.39,-0.07,0.39,-0.06,0.44,-0.06,0.33,-0.05,0.35,-0.04,0.58,-0.05,0.32,-0.05,0.33
Klein_ISD_Grade 3 Reading_At Approaches Grade Level or Above,Klein_ISD,Grade 3 Reading,At Approaches Grade Level or Above,2021,-0.09,0.67,-0.08,0.68,-0.06,0.75,-0.1,0.63,-0.05,0.7,-0.04,0.85,-0.06,0.66,-0.06,0.68
Klein_ISD_Grade 4 Mathematics_At Masters Grade Level,Klein_ISD,Grade 4 Mathematics,At Masters Grade Level,2021,-0.07,0.21,-0.08,0.22,-0.06,0.24,-0.09,0.1,-0.07,0.16,-0.04,0.37,-0.06,0.14,-0.05,0.2
Klein_ISD_Grade 4 Mathematics_At Meets Grade Level or Above,Klein_ISD,Grade 4 Mathematics,At Meets Grade Level or Above,2021,-0.12,0.36,-0.12,0.37,-0.1,0.41,-0.14,0.22,-0.12,0.32,-0.07,0.56,-0.12,0.28,-0.13,0.34
Klein_ISD_Grade 4 Mathematics_At Approaches Grade Level or Above,Klein_ISD,Grade 4 Mathematics,At Approaches Grade Level or Above,2021,-0.16,0.59,-0.16,0.6,-0.11,0.68,-0.15,0.51,-0.12,0.62,-0.05,0.82,-0.13,0.57,-0.13,0.63
Klein_ISD_Grade 4 Reading_At Masters Grade Level,Klein_ISD,Grade 4 Reading,At Masters Grade Level,2021,-0.05,0.17,-0.05,0.18,-0.04,0.2,-0.04,0.11,-0.04,0.13,-0.05,0.3,-0.04,0.1,0,0.14
Klein_ISD_Grade 4 Reading_At Meets Grade Level or Above,Klein_ISD,Grade 4 Reading,At Meets Grade Level or Above,2021,-0.08,0.36,-0.08,0.37,-0.07,0.41,-0.05,0.29,-0.05,0.33,-0.09,0.55,-0.07,0.28,-0.06,0.31
Klein_ISD_Grade 4 Reading_At Approaches Grade Level or Above,Klein_ISD,Grade 4 Reading,At Approaches Grade Level or Above,2021,-0.12,0.63,-0.12,0.63,-0.1,0.7,-0.1,0.58,-0.12,0.64,-0.08,0.81,-0.12,0.6,-0.12,0.64
Klein_ISD_Grade 5 Mathematics+_At Masters Grade Level,Klein_ISD,Grade 5 Mathematics+,At Masters Grade Level,2021,-0.11,0.25,-0.12,0.26,-0.12,0.32,-0.1,0.16,-0.1,0.26,-0.12,0.44,-0.09,0.22,-0.09,0.29
Klein_ISD_Grade 5 Mathematics+_At Meets Grade Level or Above,Klein_ISD,Grade 5 Mathematics+,At Meets Grade Level or Above,2021,-0.14,0.44,-0.14,0.45,-0.11,0.55,-0.12,0.37,-0.11,0.48,-0.1,0.67,-0.11,0.43,-0.09,0.51
Klein_ISD_Grade 5 Mathematics+_At Approaches Grade Level or Above,Klein_ISD,Grade 5 Mathematics+,At Approaches Grade Level or Above,2021,-0.2,0.7,-0.19,0.7,-0.12,0.81,-0.2,0.69,-0.14,0.78,-0.07,0.89,-0.15,0.74,-0.12,0.8
Klein_ISD_Grade 5 Reading+_At Masters Grade Level,Klein_ISD,Grade 5 Reading+,At Masters Grade Level,2021,0.01,0.3,0.01,0.31,0.03,0.37,0.03,0.25,0.05,0.3,0.05,0.5,0.05,0.26,0.05,0.28
Klein_ISD_Grade 5 Reading+_At Meets Grade Level or Above,Klein_ISD,Grade 5 Reading+,At Meets Grade Level or Above,2021,-0.08,0.46,-0.07,0.47,-0.04,0.54,-0.04,0.42,-0.02,0.46,-0.03,0.68,-0.03,0.42,0,0.44
Klein_ISD_Grade 5 Reading+_At Approaches Grade Level or Above,Klein_ISD,Grade 5 Reading+,At Approaches Grade Level or Above,2021,-0.13,0.73,-0.13,0.73,-0.08,0.81,-0.08,0.75,-0.09,0.76,-0.05,0.9,-0.09,0.73,-0.07,0.75
Klein_ISD_Grade 5 Science_At Masters Grade Level,Klein_ISD,Grade 5 Science,At Masters Grade Level,2021,-0.11,0.13,-0.11,0.14,-0.12,0.17,-0.06,0.06,-0.1,0.1,-0.15,0.29,-0.09,0.08,-0.09,0.1
Klein_ISD_Grade 5 Science_At Meets Grade Level or Above,Klein_ISD,Grade 5 Science,At Meets Grade Level or Above,2021,-0.18,0.31,-0.18,0.32,-0.15,0.39,-0.09,0.24,-0.14,0.3,-0.13,0.57,-0.13,0.25,-0.13,0.29
Klein_ISD_Grade 5 Science_At Approaches Grade Level or Above,Klein_ISD,Grade 5 Science,At Approaches Grade Level or Above,2021,-0.13,0.62,-0.13,0.62,-0.06,0.72,-0.08,0.58,-0.06,0.65,-0.05,0.86,-0.08,0.6,-0.08,0.62
La_Porte_ISD_Grade 3 Mathematics_At Masters Grade Level,La_Porte_ISD,Grade 3 Mathematics,At Masters Grade Level,2021,-0.11,0.14,-0.1,0.15,-0.11,0.13,-0.07,0.04,-0.11,0.12,-0.14,0.15,-0.11,0.1,-0.06,0.14
La_Porte_ISD_Grade 3 Mathematics_At Meets Grade Level or Above,La_Porte_ISD,Grade 3 Mathematics,At Meets Grade Level or Above,2021,-0.18,0.31,-0.18,0.31,-0.1,0.4,0.1,0.44,-0.11,0.39,-0.14,0.4,-0.09,0.34,-0.01,0.36
La_Porte_ISD_Grade 3 Mathematics_At Approaches Grade Level or Above,La_Porte_ISD,Grade 3 Mathematics,At Approaches Grade Level or Above,2021,-0.17,0.62,-0.17,0.62,-0.05,0.8,0.01,0.78,-0.07,0.77,-0.03,0.85,-0.05,0.74,-0.02,0.71
La_Porte_ISD_Grade 3 Reading_At Masters Grade Level,La_Porte_ISD,Grade 3 Reading,At Masters Grade Level,2021,-0.08,0.19,-0.08,0.2,-0.11,0.21,-0.02,0.15,-0.13,0.19,-0.11,0.23,-0.1,0.16,-0.05,0.17
La_Porte_ISD_Grade 3 Reading_At Meets Grade Level or Above,La_Porte_ISD,Grade 3 Reading,At Meets Grade Level or Above,2021,-0.06,0.39,-0.07,0.39,-0.09,0.44,0.1,0.44,-0.12,0.41,-0.1,0.46,-0.1,0.36,-0.07,0.36
La_Porte_ISD_Grade 3 Reading_At Approaches Grade Level or Above,La_Porte_ISD,Grade 3 Reading,At Approaches Grade Level or Above,2021,-0.09,0.67,-0.08,0.68,-0.07,0.79,0.15,0.85,-0.1,0.78,-0.08,0.8,-0.08,0.75,-0.16,0.64
La_Porte_ISD_Grade 4 Mathematics_At Masters Grade Level,La_Porte_ISD,Grade 4 Mathematics,At Masters Grade Level,2021,-0.07,0.21,-0.08,0.22,-0.02,0.27,-0.07,0.1,-0.01,0.27,-0.01,0.29,-0.01,0.2,-0.05,0.12
La_Porte_ISD_Grade 4 Mathematics_At Meets Grade Level or Above,La_Porte_ISD,Grade 4 Mathematics,At Meets Grade Level or Above,2021,-0.12,0.36,-0.12,0.37,-0.07,0.48,-0.1,0.31,-0.07,0.49,-0.06,0.49,-0.09,0.4,-0.2,0.3
La_Porte_ISD_Grade 4 Mathematics_At Approaches Grade Level or Above,La_Porte_ISD,Grade 4 Mathematics,At Approaches Grade Level or Above,2021,-0.16,0.59,-0.16,0.6,-0.11,0.73,-0.16,0.52,-0.13,0.74,-0.08,0.75,-0.14,0.67,-0.19,0.66
La_Porte_ISD_Grade 4 Reading_At Masters Grade Level,La_Porte_ISD,Grade 4 Reading,At Masters Grade Level,2021,-0.05,0.17,-0.05,0.18,-0.03,0.2,-0.07,0.1,-0.02,0.21,-0.04,0.2,0.01,0.17,0.03,0.16
La_Porte_ISD_Grade 4 Reading_At Meets Grade Level or Above,La_Porte_ISD,Grade 4 Reading,At Meets Grade Level or Above,2021,-0.08,0.36,-0.08,0.37,-0.07,0.44,-0.08,0.31,-0.08,0.42,-0.07,0.48,-0.06,0.37,-0.02,0.34
La_Porte_ISD_Grade 4 Reading_At Approaches Grade Level or Above,La_Porte_ISD,Grade 4 Reading,At Approaches Grade Level or Above,2021,-0.12,0.63,-0.12,0.63,-0.11,0.75,-0.19,0.66,-0.11,0.73,-0.09,0.8,-0.08,0.74,-0.1,0.68
La_Porte_ISD_Grade 5 Mathematics+_At Masters Grade Level,La_Porte_ISD,Grade 5 Mathematics+,At Masters Grade Level,2021,-0.11,0.25,-0.12,0.26,-0.09,0.38,-0.26,0.14,-0.06,0.4,-0.1,0.4,-0.06,0.33,-0.1,0.31
La_Porte_ISD_Grade 5 Mathematics+_At Meets Grade Level or Above,La_Porte_ISD,Grade 5 Mathematics+,At Meets Grade Level or Above,2021,-0.14,0.44,-0.14,0.45,-0.07,0.67,-0.14,0.46,-0.02,0.71,-0.11,0.66,-0.03,0.64,-0.06,0.61
La_Porte_ISD_Grade 5 Mathematics+_At Approaches Grade Level or Above,La_Porte_ISD,Grade 5 Mathematics+,At Approaches Grade Level or Above,2021,-0.2,0.7,-0.19,0.7,-0.09,0.89,-0.08,0.89,-0.08,0.9,-0.09,0.89,-0.12,0.87,-0.14,0.86
La_Porte_ISD_Grade 5 Reading+_At Masters Grade Level,La_Porte_ISD,Grade 5 Reading+,At Masters Grade Level,2021,0.01,0.3,0.01,0.31,0.08,0.4,-0.07,0.19,0.11,0.4,0.05,0.43,0.09,0.35,0,0.28
La_Porte_ISD_Grade 5 Reading+_At Meets Grade Level or Above,La_Porte_ISD,Grade 5 Reading+,At Meets Grade Level or Above,2021,-0.08,0.46,-0.07,0.47,0.06,0.63,0.15,0.49,0.06,0.62,0.06,0.67,0.08,0.59,0.04,0.53
La_Porte_ISD_Grade 5 Reading+_At Approaches Grade Level or Above,La_Porte_ISD,Grade 5 Reading+,At Approaches Grade Level or Above,2021,-0.13,0.73,-0.13,0.73,-0.08,0.87,-0.05,0.78,-0.07,0.88,-0.09,0.87,-0.08,0.85,-0.1,0.81
La_Porte_ISD_Grade 5 Science_At Masters Grade Level,La_Porte_ISD,Grade 5 Science,At Masters Grade Level,2021,-0.11,0.13,-0.11,0.14,-0.1,0.18,-0.11,0.03,-0.06,0.17,-0.14,0.22,-0.06,0.16,-0.04,0.1
La_Porte_ISD_Grade 5 Science_At Meets Grade Level or Above,La_Porte_ISD,Grade 5 Science,At Meets Grade Level or Above,2021,-0.18,0.31,-0.18,0.32,-0.1,0.45,-0.15,0.22,-0.11,0.41,-0.08,0.55,-0.05,0.41,-0.05,0.25
La_Porte_ISD_Grade 5 Science_At Approaches Grade Level or Above,La_Porte_ISD,Grade 5 Science,At Approaches Grade Level or Above,2021,-0.13,0.62,-0.13,0.62,-0.04,0.81,-0.12,0.62,-0.02,0.81,-0.05,0.84,-0.01,0.78,-0.01,0.71
Pasadena_ISD_Grade 3 Mathematics_At Masters Grade Level,Pasadena_ISD,Grade 3 Mathematics,At Masters Grade Level,2021,-0.11,0.14,-0.1,0.15,-0.11,0.06,-0.07,0.04,-0.11,0.05,-0.18,0.08,-0.11,0.05,-0.13,0.07
Pasadena_ISD_Grade 3 Mathematics_At Meets Grade Level or Above,Pasadena_ISD,Grade 3 Mathematics,At Meets Grade Level or Above,2021,-0.18,0.31,-0.18,0.31,-0.23,0.18,-0.19,0.09,-0.22,0.18,-0.35,0.21,-0.23,0.16,-0.24,0.21
Pasadena_ISD_Grade 3 Mathematics_At Approaches Grade Level or Above,Pasadena_ISD,Grade 3 Mathematics,At Approaches Grade Level or Above,2021,-0.17,0.62,-0.17,0.62,-0.27,0.51,-0.38,0.29,-0.27,0.51,-0.25,0.58,-0.29,0.48,-0.27,0.55
Pasadena_ISD_Grade 3 Reading_At Masters Grade Level,Pasadena_ISD,Grade 3 Reading,At Masters Grade Level,2021,-0.08,0.19,-0.08,0.2,-0.11,0.12,-0.08,0.06,-0.11,0.12,-0.05,0.18,-0.11,0.11,-0.1,0.15
Pasadena_ISD_Grade 3 Reading_At Meets Grade Level or Above,Pasadena_ISD,Grade 3 Reading,At Meets Grade Level or Above,2021,-0.06,0.39,-0.07,0.39,-0.15,0.27,-0.14,0.17,-0.15,0.27,-0.12,0.33,-0.15,0.25,-0.18,0.28
Pasadena_ISD_Grade 3 Reading_At Approaches Grade Level or Above,Pasadena_ISD,Grade 3 Reading,At Approaches Grade Level or Above,2021,-0.09,0.67,-0.08,0.68,-0.21,0.59,-0.24,0.49,-0.21,0.59,-0.17,0.66,-0.22,0.57,-0.24,0.58
Pasadena_ISD_Grade 4 Mathematics_At Masters Grade Level,Pasadena_ISD,Grade 4 Mathematics,At Masters Grade Level,2021,-0.07,0.21,-0.08,0.22,-0.08,0.1,-0.08,0.04,-0.09,0.09,-0.03,0.18,-0.08,0.09,-0.11,0.09
Pasadena_ISD_Grade 4 Mathematics_At Meets Grade Level or Above,Pasadena_ISD,Grade 4 Mathematics,At Meets Grade Level or Above,2021,-0.12,0.36,-0.12,0.37,-0.19,0.21,-0.18,0.12,-0.18,0.21,-0.17,0.3,-0.19,0.2,-0.25,0.2
Pasadena_ISD_Grade 4 Mathematics_At Approaches Grade Level or Above,Pasadena_ISD,Grade 4 Mathematics,At Approaches Grade Level or Above,2021,-0.16,0.59,-0.16,0.6,-0.25,0.5,-0.26,0.37,-0.25,0.5,-0.25,0.55,-0.26,0.48,-0.29,0.5
Pasadena_ISD_Grade 4 Reading_At Masters Grade Level,Pasadena_ISD,Grade 4 Reading,At Masters Grade Level,2021,-0.05,0.17,-0.05,0.18,-0.09,0.08,-0.1,0.06,-0.08,0.08,-0.13,0.17,-0.09,0.07,-0.09,0.06
Pasadena_ISD_Grade 4 Reading_At Meets Grade Level or Above,Pasadena_ISD,Grade 4 Reading,At Meets Grade Level or Above,2021,-0.08,0.36,-0.08,0.37,-0.16,0.25,-0.14,0.21,-0.17,0.23,-0.13,0.39,-0.16,0.23,-0.18,0.2
Pasadena_ISD_Grade 4 Reading_At Approaches Grade Level or Above,Pasadena_ISD,Grade 4 Reading,At Approaches Grade Level or Above,2021,-0.12,0.63,-0.12,0.63,-0.23,0.54,-0.27,0.43,-0.24,0.53,-0.15,0.67,-0.24,0.52,-0.25,0.5
Pasadena_ISD_Grade 5 Mathematics+_At Masters Grade Level,Pasadena_ISD,Grade 5 Mathematics+,At Masters Grade Level,2021,-0.11,0.25,-0.12,0.26,-0.15,0.1,-0.14,0.03,-0.15,0.09,-0.16,0.16,-0.15,0.08,-0.18,0.07
Pasadena_ISD_Grade 5 Mathematics+_At Meets Grade Level or Above,Pasadena_ISD,Grade 5 Mathematics+,At Meets Grade Level or Above,2021,-0.14,0.44,-0.14,0.45,-0.23,0.25,-0.23,0.13,-0.23,0.24,-0.24,0.33,-0.22,0.23,-0.27,0.21
Pasadena_ISD_Grade 5 Mathematics+_At Approaches Grade Level or Above,Pasadena_ISD,Grade 5 Mathematics+,At Approaches Grade Level or Above,2021,-0.2,0.7,-0.19,0.7,-0.29,0.58,-0.34,0.45,-0.31,0.57,-0.28,0.62,-0.3,0.56,-0.34,0.55
Pasadena_ISD_Grade 5 Reading+_At Masters Grade Level,Pasadena_ISD,Grade 5 Reading+,At Masters Grade Level,2021,0.01,0.3,0.01,0.31,-0.04,0.17,-0.06,0.13,-0.04,0.16,-0.03,0.32,-0.04,0.15,-0.07,0.11
Pasadena_ISD_Grade 5 Reading+_At Meets Grade Level or Above,Pasadena_ISD,Grade 5 Reading+,At Meets Grade Level or Above,2021,-0.08,0.46,-0.07,0.47,-0.16,0.31,-0.17,0.24,-0.16,0.29,-0.13,0.46,-0.15,0.28,-0.2,0.22
Pasadena_ISD_Grade 5 Reading+_At Approaches Grade Level or Above,Pasadena_ISD,Grade 5 Reading+,At Approaches Grade Level or Above,2021,-0.13,0.73,-0.13,0.73,-0.22,0.62,-0.23,0.54,-0.23,0.61,-0.2,0.68,-0.23,0.6,-0.27,0.56
Pasadena_ISD_Grade 5 Science_At Masters Grade Level,Pasadena_ISD,Grade 5 Science,At Masters Grade Level,2021,-0.11,0.13,-0.11,0.14,-0.15,0.04,-0.07,0.03,-0.14,0.03,-0.22,0.09,-0.13,0.03,-0.15,0.02
Pasadena_ISD_Grade 5 Science_At Meets Grade Level or Above,Pasadena_ISD,Grade 5 Science,At Meets Grade Level or Above,2021,-0.18,0.31,-0.18,0.32,-0.28,0.16,-0.22,0.1,-0.29,0.14,-0.32,0.29,-0.27,0.14,-0.31,0.11
Pasadena_ISD_Grade 5 Science_At Approaches Grade Level or Above,Pasadena_ISD,Grade 5 Science,At Approaches Grade Level or Above,2021,-0.13,0.62,-0.13,0.62,-0.24,0.49,-0.3,0.35,-0.25,0.48,-0.21,0.61,-0.25,0.46,-0.27,0.44
Sheldon_ISD_Grade 3 Mathematics_At Masters Grade Level,Sheldon_ISD,Grade 3 Mathematics,At Masters Grade Level,2021,-0.11,0.14,-0.1,0.15,-0.1,0.08,-0.04,0.05,-0.11,0.08,-0.14,0.19,-0.1,0.07,-0.13,0.07
Sheldon_ISD_Grade 3 Mathematics_At Meets Grade Level or Above,Sheldon_ISD,Grade 3 Mathematics,At Meets Grade Level or Above,2021,-0.18,0.31,-0.18,0.31,-0.18,0.2,-0.13,0.11,-0.2,0.21,-0.31,0.27,-0.17,0.19,-0.23,0.19
Sheldon_ISD_Grade 3 Mathematics_At Approaches Grade Level or Above,Sheldon_ISD,Grade 3 Mathematics,At Approaches Grade Level or Above,2021,-0.17,0.62,-0.17,0.62,-0.24,0.52,-0.26,0.4,-0.25,0.54,-0.15,0.58,-0.25,0.51,-0.24,0.55
Sheldon_ISD_Grade 3 Reading_At Masters Grade Level,Sheldon_ISD,Grade 3 Reading,At Masters Grade Level,2021,-0.08,0.19,-0.08,0.2,-0.12,0.06,-0.06,0.07,-0.15,0.05,-0.02,0.19,-0.12,0.05,-0.15,0.03
Sheldon_ISD_Grade 3 Reading_At Meets Grade Level or Above,Sheldon_ISD,Grade 3 Reading,At Meets Grade Level or Above,2021,-0.06,0.39,-0.07,0.39,-0.11,0.22,-0.07,0.17,-0.13,0.22,0.04,0.46,-0.1,0.21,-0.17,0.17
Sheldon_ISD_Grade 3 Reading_At Approaches Grade Level or Above,Sheldon_ISD,Grade 3 Reading,At Approaches Grade Level or Above,2021,-0.09,0.67,-0.08,0.68,-0.13,0.53,-0.07,0.5,-0.16,0.53,-0.01,0.69,-0.16,0.5,-0.18,0.51
Sheldon_ISD_Grade 4 Mathematics_At Masters Grade Level,Sheldon_ISD,Grade 4 Mathematics,At Masters Grade Level,2021,-0.07,0.21,-0.08,0.22,-0.09,0.13,-0.06,0.06,-0.1,0.15,-0.03,0.16,-0.1,0.11,-0.11,0.13
Sheldon_ISD_Grade 4 Mathematics_At Meets Grade Level or Above,Sheldon_ISD,Grade 4 Mathematics,At Meets Grade Level or Above,2021,-0.12,0.36,-0.12,0.37,-0.16,0.24,-0.09,0.12,-0.17,0.27,-0.16,0.21,-0.17,0.22,-0.17,0.25
Sheldon_ISD_Grade 4 Mathematics_At Approaches Grade Level or Above,Sheldon_ISD,Grade 4 Mathematics,At Approaches Grade Level or Above,2021,-0.16,0.59,-0.16,0.6,-0.19,0.46,-0.21,0.31,-0.19,0.5,-0.26,0.37,-0.2,0.45,-0.17,0.49
Sheldon_ISD_Grade 4 Reading_At Masters Grade Level,Sheldon_ISD,Grade 4 Reading,At Masters Grade Level,2021,-0.05,0.17,-0.05,0.18,-0.07,0.08,-0.04,0.02,-0.08,0.1,0.04,0.11,-0.07,0.07,-0.08,0.08
Sheldon_ISD_Grade 4 Reading_At Meets Grade Level or Above,Sheldon_ISD,Grade 4 Reading,At Meets Grade Level or Above,2021,-0.08,0.36,-0.08,0.37,-0.1,0.22,-0.07,0.14,-0.12,0.24,0.02,0.21,-0.11,0.2,-0.09,0.21
Sheldon_ISD_Grade 4 Reading_At Approaches Grade Level or Above,Sheldon_ISD,Grade 4 Reading,At Approaches Grade Level or Above,2021,-0.12,0.63,-0.12,0.63,-0.2,0.45,-0.23,0.32,-0.19,0.49,-0.37,0.26,-0.22,0.43,-0.21,0.44
Sheldon_ISD_Grade 5 Mathematics+_At Masters Grade Level,Sheldon_ISD,Grade 5 Mathematics+,At Masters Grade Level,2021,-0.11,0.25,-0.12,0.26,-0.12,0.14,-0.03,0.08,-0.14,0.16,-0.09,0.08,-0.12,0.13,-0.14,0.18
Sheldon_ISD_Grade 5 Mathematics+_At Meets Grade Level or Above,Sheldon_ISD,Grade 5 Mathematics+,At Meets Grade Level or Above,2021,-0.14,0.44,-0.14,0.45,-0.14,0.31,-0.04,0.19,-0.17,0.34,0.03,0.42,-0.16,0.29,-0.18,0.34
Sheldon_ISD_Grade 5 Mathematics+_At Approaches Grade Level or Above,Sheldon_ISD,Grade 5 Mathematics+,At Approaches Grade Level or Above,2021,-0.2,0.7,-0.19,0.7,-0.27,0.57,-0.22,0.48,-0.27,0.6,-0.16,0.71,-0.28,0.56,-0.3,0.6
Sheldon_ISD_Grade 5 Reading+_At Masters Grade Level,Sheldon_ISD,Grade 5 Reading+,At Masters Grade Level,2021,0.01,0.3,0.01,0.31,-0.04,0.17,0.01,0.13,-0.05,0.19,-0.05,0.25,-0.05,0.15,-0.03,0.17
Sheldon_ISD_Grade 5 Reading+_At Meets Grade Level or Above,Sheldon_ISD,Grade 5 Reading+,At Meets Grade Level or Above,2021,-0.08,0.46,-0.07,0.47,-0.14,0.3,-0.12,0.23,-0.13,0.32,-0.23,0.29,-0.14,0.28,-0.12,0.3
Sheldon_ISD_Grade 5 Reading+_At Approaches Grade Level or Above,Sheldon_ISD,Grade 5 Reading+,At Approaches Grade Level or Above,2021,-0.13,0.73,-0.13,0.73,-0.22,0.57,-0.26,0.46,-0.2,0.61,-0.09,0.71,-0.23,0.56,-0.21,0.6
Sheldon_ISD_Grade 5 Science_At Meets Grade Level or Above,Sheldon_ISD,Grade 5 Science,At Meets Grade Level or Above,2021,-0.18,0.31,-0.18,0.32,-0.2,0.16,-0.1,0.13,-0.22,0.17,-0.3,0.13,-0.2,0.15,-0.22,0.17
Sheldon_ISD_Grade 5 Science_At Approaches Grade Level or Above,Sheldon_ISD,Grade 5 Science,At Approaches Grade Level or Above,2021,-0.13,0.62,-0.13,0.62,-0.18,0.49,-0.13,0.4,-0.18,0.52,-0.07,0.71,-0.18,0.47,-0.21,0.48
Spring_Branch_ISD_Grade 3 Mathematics_At Masters Grade Level,Spring_Branch_ISD,Grade 3 Mathematics,At Masters Grade Level,2021,-0.11,0.14,-0.1,0.15,-0.04,0.22,-0.07,0.06,-0.05,0.1,-0.01,0.43,-0.06,0.07,-0.07,0.09
Spring_Branch_ISD_Grade 3 Mathematics_At Meets Grade Level or Above,Spring_Branch_ISD,Grade 3 Mathematics,At Meets Grade Level or Above,2021,-0.18,0.31,-0.18,0.31,-0.06,0.43,-0.11,0.2,-0.08,0.28,-0.02,0.7,-0.08,0.24,-0.1,0.27
Spring_Branch_ISD_Grade 3 Mathematics_At Approaches Grade Level or Above,Spring_Branch_ISD,Grade 3 Mathematics,At Approaches Grade Level or Above,2021,-0.17,0.62,-0.17,0.62,-0.09,0.69,-0.09,0.49,-0.12,0.58,-0.02,0.91,-0.14,0.54,-0.14,0.57
Spring_Branch_ISD_Grade 3 Reading_At Masters Grade Level,Spring_Branch_ISD,Grade 3 Reading,At Masters Grade Level,2021,-0.08,0.19,-0.08,0.2,-0.06,0.23,-0.07,0.1,-0.05,0.11,-0.06,0.45,-0.06,0.08,-0.06,0.09
Spring_Branch_ISD_Grade 3 Reading_At Meets Grade Level or Above,Spring_Branch_ISD,Grade 3 Reading,At Meets Grade Level or Above,2021,-0.06,0.39,-0.07,0.39,-0.03,0.43,-0.04,0.27,-0.04,0.27,0,0.7,-0.06,0.22,-0.06,0.24
Spring_Branch_ISD_Grade 3 Reading_At Approaches Grade Level or Above,Spring_Branch_ISD,Grade 3 Reading,At Approaches Grade Level or Above,2021,-0.09,0.67,-0.08,0.68,-0.03,0.71,0.02,0.62,-0.04,0.6,0.02,0.92,-0.05,0.56,-0.05,0.57
Spring_Branch_ISD_Grade 4 Mathematics_At Masters Grade Level,Spring_Branch_ISD,Grade 4 Mathematics,At Masters Grade Level,2021,-0.07,0.21,-0.08,0.22,0,0.33,-0.03,0.13,0,0.2,0.01,0.58,-0.02,0.15,-0.01,0.19
Spring_Branch_ISD_Grade 4 Mathematics_At Meets Grade Level or Above,Spring_Branch_ISD,Grade 4 Mathematics,At Meets Grade Level or Above,2021,-0.12,0.36,-0.12,0.37,-0.01,0.48,-0.04,0.22,-0.02,0.34,0.02,0.76,-0.04,0.29,-0.03,0.33
Spring_Branch_ISD_Grade 4 Mathematics_At Approaches Grade Level or Above,Spring_Branch_ISD,Grade 4 Mathematics,At Approaches Grade Level or Above,2021,-0.16,0.59,-0.16,0.6,-0.04,0.68,-0.01,0.43,-0.07,0.57,-0.01,0.9,-0.08,0.53,-0.07,0.57
Spring_Branch_ISD_Grade 4 Reading_At Masters Grade Level,Spring_Branch_ISD,Grade 4 Reading,At Masters Grade Level,2021,-0.05,0.17,-0.05,0.18,-0.04,0.2,-0.09,0.08,-0.02,0.1,-0.09,0.37,-0.03,0.07,-0.02,0.09
Spring_Branch_ISD_Grade 4 Reading_At Meets Grade Level or Above,Spring_Branch_ISD,Grade 4 Reading,At Meets Grade Level or Above,2021,-0.08,0.36,-0.08,0.37,-0.03,0.41,-0.03,0.23,-0.04,0.26,-0.04,0.68,-0.05,0.22,-0.04,0.24
Spring_Branch_ISD_Grade 4 Reading_At Approaches Grade Level or Above,Spring_Branch_ISD,Grade 4 Reading,At Approaches Grade Level or Above,2021,-0.12,0.63,-0.12,0.63,-0.03,0.66,0.01,0.54,-0.04,0.55,-0.03,0.88,-0.06,0.51,-0.05,0.52
Spring_Branch_ISD_Grade 5 Mathematics+_At Masters Grade Level,Spring_Branch_ISD,Grade 5 Mathematics+,At Masters Grade Level,2021,-0.11,0.25,-0.12,0.26,-0.04,0.36,0.03,0.17,-0.03,0.21,-0.07,0.63,-0.03,0.18,-0.03,0.23
Spring_Branch_ISD_Grade 5 Mathematics+_At Meets Grade Level or Above,Spring_Branch_ISD,Grade 5 Mathematics+,At Meets Grade Level or Above,2021,-0.14,0.44,-0.14,0.45,-0.03,0.55,-0.02,0.31,-0.03,0.4,-0.04,0.82,-0.05,0.36,-0.04,0.41
Spring_Branch_ISD_Grade 5 Mathematics+_At Approaches Grade Level or Above,Spring_Branch_ISD,Grade 5 Mathematics+,At Approaches Grade Level or Above,2021,-0.2,0.7,-0.19,0.7,-0.09,0.77,-0.2,0.56,-0.12,0.68,-0.03,0.94,-0.14,0.65,-0.14,0.68
Spring_Branch_ISD_Grade 5 Reading+_At Masters Grade Level,Spring_Branch_ISD,Grade 5 Reading+,At Masters Grade Level,2021,0.01,0.3,0.01,0.31,0.04,0.36,0.05,0.23,0.03,0.2,0.03,0.64,0.04,0.18,0.04,0.2
Spring_Branch_ISD_Grade 5 Reading+_At Meets Grade Level or Above,Spring_Branch_ISD,Grade 5 Reading+,At Meets Grade Level or Above,2021,-0.08,0.46,-0.07,0.47,-0.02,0.52,0.05,0.41,-0.02,0.36,-0.06,0.79,-0.02,0.34,0,0.36
Spring_Branch_ISD_Grade 5 Reading+_At Approaches Grade Level or Above,Spring_Branch_ISD,Grade 5 Reading+,At Approaches Grade Level or Above,2021,-0.13,0.73,-0.13,0.73,-0.08,0.75,-0.14,0.62,-0.11,0.65,-0.04,0.93,-0.12,0.63,-0.11,0.65
Spring_Branch_ISD_Grade 5 Science_At Masters Grade Level,Spring_Branch_ISD,Grade 5 Science,At Masters Grade Level,2021,-0.11,0.13,-0.11,0.14,-0.04,0.19,-0.03,0.08,-0.04,0.07,-0.09,0.37,-0.05,0.05,-0.03,0.08
Spring_Branch_ISD_Grade 5 Science_At Meets Grade Level or Above,Spring_Branch_ISD,Grade 5 Science,At Meets Grade Level or Above,2021,-0.18,0.31,-0.18,0.32,-0.08,0.38,-0.04,0.22,-0.09,0.22,-0.08,0.66,-0.1,0.19,-0.09,0.22
Spring_Branch_ISD_Grade 5 Science_At Approaches Grade Level or Above,Spring_Branch_ISD,Grade 5 Science,At Approaches Grade Level or Above,2021,-0.13,0.62,-0.13,0.62,-0.05,0.66,-0.05,0.52,-0.06,0.53,-0.05,0.89,-0.08,0.5,-0.07,0.52
Spring_ISD_Grade 3 Mathematics_At Masters Grade Level,Spring_ISD,Grade 3 Mathematics,At Masters Grade Level,2021,-0.11,0.14,-0.1,0.15,-0.06,0.08,-0.05,0.04,-0.07,0.09,-0.07,0.14,-0.06,0.07,-0.08,0.1
Spring_ISD_Grade 3 Mathematics_At Meets Grade Level or Above,Spring_ISD,Grade 3 Mathematics,At Meets Grade Level or Above,2021,-0.18,0.31,-0.18,0.31,-0.15,0.19,-0.14,0.12,-0.16,0.2,-0.2,0.28,-0.15,0.18,-0.15,0.24
Spring_ISD_Grade 3 Mathematics_At Approaches Grade Level or Above,Spring_ISD,Grade 3 Mathematics,At Approaches Grade Level or Above,2021,-0.17,0.62,-0.17,0.62,-0.17,0.51,-0.18,0.4,-0.2,0.54,-0.09,0.69,-0.19,0.49,-0.18,0.57
Spring_ISD_Grade 3 Reading_At Masters Grade Level,Spring_ISD,Grade 3 Reading,At Masters Grade Level,2021,-0.08,0.19,-0.08,0.2,-0.07,0.12,-0.05,0.09,-0.09,0.13,-0.1,0.17,-0.06,0.12,-0.07,0.16
Spring_ISD_Grade 3 Reading_At Meets Grade Level or Above,Spring_ISD,Grade 3 Reading,At Meets Grade Level or Above,2021,-0.06,0.39,-0.07,0.39,-0.07,0.28,-0.05,0.23,-0.1,0.28,0.01,0.41,-0.07,0.26,-0.12,0.29
Spring_ISD_Grade 3 Reading_At Approaches Grade Level or Above,Spring_ISD,Grade 3 Reading,At Approaches Grade Level or Above,2021,-0.09,0.67,-0.08,0.68,-0.1,0.56,-0.06,0.51,-0.14,0.57,-0.02,0.68,-0.11,0.54,-0.16,0.56
Spring_ISD_Grade 4 Mathematics_At Masters Grade Level,Spring_ISD,Grade 4 Mathematics,At Masters Grade Level,2021,-0.07,0.21,-0.08,0.22,-0.08,0.1,-0.04,0.05,-0.1,0.11,-0.03,0.21,-0.08,0.09,-0.11,0.12
Spring_ISD_Grade 4 Mathematics_At Meets Grade Level or Above,Spring_ISD,Grade 4 Mathematics,At Meets Grade Level or Above,2021,-0.12,0.36,-0.12,0.37,-0.14,0.21,-0.13,0.12,-0.15,0.24,-0.13,0.35,-0.15,0.19,-0.16,0.25
Spring_ISD_Grade 4 Mathematics_At Approaches Grade Level or Above,Spring_ISD,Grade 4 Mathematics,At Approaches Grade Level or Above,2021,-0.16,0.59,-0.16,0.6,-0.22,0.43,-0.26,0.29,-0.21,0.49,-0.17,0.61,-0.24,0.4,-0.21,0.5
Spring_ISD_Grade 4 Reading_At Masters Grade Level,Spring_ISD,Grade 4 Reading,At Masters Grade Level,2021,-0.05,0.17,-0.05,0.18,-0.03,0.11,-0.03,0.06,-0.03,0.12,0,0.17,-0.03,0.09,-0.04,0.12
Spring_ISD_Grade 4 Reading_At Meets Grade Level or Above,Spring_ISD,Grade 4 Reading,At Meets Grade Level or Above,2021,-0.08,0.36,-0.08,0.37,-0.08,0.25,-0.07,0.18,-0.08,0.27,0,0.39,-0.08,0.23,-0.11,0.27
Spring_ISD_Grade 4 Reading_At Approaches Grade Level or Above,Spring_ISD,Grade 4 Reading,At Approaches Grade Level or Above,2021,-0.12,0.63,-0.12,0.63,-0.15,0.48,-0.15,0.38,-0.15,0.53,-0.11,0.63,-0.15,0.46,-0.15,0.53
Spring_ISD_Grade 5 Mathematics+_At Masters Grade Level,Spring_ISD,Grade 5 Mathematics+,At Masters Grade Level,2021,-0.11,0.25,-0.12,0.26,-0.1,0.15,-0.06,0.09,-0.14,0.16,-0.02,0.24,-0.1,0.14,-0.13,0.2
Spring_ISD_Grade 5 Mathematics+_At Meets Grade Level or Above,Spring_ISD,Grade 5 Mathematics+,At Meets Grade Level or Above,2021,-0.14,0.44,-0.14,0.45,-0.15,0.31,-0.13,0.22,-0.17,0.35,-0.07,0.43,-0.14,0.3,-0.16,0.39
Spring_ISD_Grade 5 Mathematics+_At Approaches Grade Level or Above,Spring_ISD,Grade 5 Mathematics+,At Approaches Grade Level or Above,2021,-0.2,0.7,-0.19,0.7,-0.25,0.58,-0.29,0.46,-0.25,0.63,-0.19,0.7,-0.27,0.56,-0.24,0.64
Spring_ISD_Grade 5 Reading+_At Masters Grade Level,Spring_ISD,Grade 5 Reading+,At Masters Grade Level,2021,0.01,0.3,0.01,0.31,-0.04,0.16,-0.03,0.12,-0.05,0.16,0.03,0.28,-0.03,0.15,-0.03,0.18
Spring_ISD_Grade 5 Reading+_At Meets Grade Level or Above,Spring_ISD,Grade 5 Reading+,At Meets Grade Level or Above,2021,-0.08,0.46,-0.07,0.47,-0.11,0.3,-0.09,0.24,-0.14,0.31,-0.07,0.42,-0.11,0.28,-0.12,0.32
Spring_ISD_Grade 5 Reading+_At Approaches Grade Level or Above,Spring_ISD,Grade 5 Reading+,At Approaches Grade Level or Above,2021,-0.13,0.73,-0.13,0.73,-0.19,0.58,-0.21,0.5,-0.19,0.61,-0.2,0.68,-0.21,0.56,-0.17,0.62
Spring_ISD_Grade 5 Science_At Masters Grade Level,Spring_ISD,Grade 5 Science,At Masters Grade Level,2021,-0.11,0.13,-0.11,0.14,-0.09,0.04,-0.05,0.03,-0.11,0.04,-0.08,0.1,-0.07,0.04,-0.11,0.04
Spring_ISD_Grade 5 Science_At Meets Grade Level or Above,Spring_ISD,Grade 5 Science,At Meets Grade Level or Above,2021,-0.18,0.31,-0.18,0.32,-0.18,0.16,-0.14,0.11,-0.22,0.16,-0.11,0.34,-0.17,0.15,-0.21,0.16
Spring_ISD_Grade 5 Science_At Approaches Grade Level or Above,Spring_ISD,Grade 5 Science,At Approaches Grade Level or Above,2021,-0.13,0.62,-0.13,0.62,-0.17,0.44,-0.16,0.35,-0.2,0.46,-0.1,0.62,-0.17,0.42,-0.19,0.46
Tomball_ISD_Grade 3 Mathematics_At Masters Grade Level,Tomball_ISD,Grade 3 Mathematics,At Masters Grade Level,2021,-0.11,0.14,-0.1,0.15,-0.09,0.29,0.01,0.26,-0.08,0.22,-0.12,0.29,-0.07,0.16,0,0.32
Tomball_ISD_Grade 3 Mathematics_At Meets Grade Level or Above,Tomball_ISD,Grade 3 Mathematics,At Meets Grade Level or Above,2021,-0.18,0.31,-0.18,0.31,-0.15,0.51,-0.07,0.42,-0.15,0.42,-0.17,0.51,-0.2,0.3,-0.14,0.47
Tomball_ISD_Grade 3 Mathematics_At Approaches Grade Level or Above,Tomball_ISD,Grade 3 Mathematics,At Approaches Grade Level or Above,2021,-0.17,0.62,-0.17,0.62,-0.07,0.83,-0.07,0.7,-0.1,0.77,-0.09,0.84,-0.15,0.67,-0.09,0.8
Tomball_ISD_Grade 3 Reading_At Masters Grade Level,Tomball_ISD,Grade 3 Reading,At Masters Grade Level,2021,-0.08,0.19,-0.08,0.2,-0.05,0.37,0.03,0.33,-0.07,0.31,-0.05,0.39,-0.04,0.23,-0.07,0.33
Tomball_ISD_Grade 3 Reading_At Meets Grade Level or Above,Tomball_ISD,Grade 3 Reading,At Meets Grade Level or Above,2021,-0.06,0.39,-0.07,0.39,0,0.62,-0.01,0.46,-0.01,0.54,0,0.65,-0.01,0.45,-0.02,0.54
Tomball_ISD_Grade 3 Reading_At Approaches Grade Level or Above,Tomball_ISD,Grade 3 Reading,At Approaches Grade Level or Above,2021,-0.09,0.67,-0.08,0.68,-0.03,0.85,0.03,0.82,-0.05,0.8,-0.04,0.86,-0.09,0.72,-0.06,0.77
Tomball_ISD_Grade 4 Mathematics_At Masters Grade Level,Tomball_ISD,Grade 4 Mathematics,At Masters Grade Level,2021,-0.07,0.21,-0.08,0.22,-0.04,0.43,-0.21,0.09,-0.04,0.34,-0.03,0.47,-0.08,0.21,0.04,0.42
Tomball_ISD_Grade 4 Mathematics_At Meets Grade Level or Above,Tomball_ISD,Grade 4 Mathematics,At Meets Grade Level or Above,2021,-0.12,0.36,-0.12,0.37,-0.08,0.62,-0.33,0.26,-0.11,0.53,-0.06,0.66,-0.15,0.4,-0.03,0.6
Tomball_ISD_Grade 4 Mathematics_At Approaches Grade Level or Above,Tomball_ISD,Grade 4 Mathematics,At Approaches Grade Level or Above,2021,-0.16,0.59,-0.16,0.6,-0.1,0.82,-0.45,0.45,-0.11,0.78,-0.08,0.85,-0.18,0.66,-0.07,0.8
Tomball_ISD_Grade 4 Reading_At Masters Grade Level,Tomball_ISD,Grade 4 Reading,At Masters Grade Level,2021,-0.05,0.17,-0.05,0.18,-0.02,0.35,-0.12,0.19,-0.05,0.26,0.01,0.39,-0.06,0.15,0.03,0.29
Tomball_ISD_Grade 4 Reading_At Meets Grade Level or Above,Tomball_ISD,Grade 4 Reading,At Meets Grade Level or Above,2021,-0.08,0.36,-0.08,0.37,-0.04,0.59,-0.21,0.34,-0.06,0.5,-0.02,0.64,-0.05,0.37,0.05,0.52
Tomball_ISD_Grade 4 Reading_At Approaches Grade Level or Above,Tomball_ISD,Grade 4 Reading,At Approaches Grade Level or Above,2021,-0.12,0.63,-0.12,0.63,-0.07,0.82,-0.21,0.64,-0.07,0.76,-0.07,0.85,-0.1,0.66,-0.04,0.76
Tomball_ISD_Grade 5 Mathematics+_At Masters Grade Level,Tomball_ISD,Grade 5 Mathematics+,At Masters Grade Level,2021,-0.11,0.25,-0.12,0.26,-0.12,0.46,-0.07,0.29,-0.13,0.34,-0.09,0.51,-0.1,0.26,-0.13,0.41
Tomball_ISD_Grade 5 Mathematics+_At Meets Grade Level or Above,Tomball_ISD,Grade 5 Mathematics+,At Meets Grade Level or Above,2021,-0.14,0.44,-0.14,0.45,-0.08,0.7,-0.1,0.51,-0.12,0.61,-0.06,0.73,-0.1,0.5,-0.06,0.69
Tomball_ISD_Grade 5 Mathematics+_At Approaches Grade Level or Above,Tomball_ISD,Grade 5 Mathematics+,At Approaches Grade Level or Above,2021,-0.2,0.7,-0.19,0.7,-0.08,0.9,-0.19,0.78,-0.1,0.87,-0.07,0.91,-0.2,0.77,-0.09,0.89
Tomball_ISD_Grade 5 Reading+_At Masters Grade Level,Tomball_ISD,Grade 5 Reading+,At Masters Grade Level,2021,0.01,0.3,0.01,0.31,0.03,0.49,0.07,0.4,0.02,0.4,0.04,0.54,0.02,0.27,0.06,0.39
Tomball_ISD_Grade 5 Reading+_At Meets Grade Level or Above,Tomball_ISD,Grade 5 Reading+,At Meets Grade Level or Above,2021,-0.08,0.46,-0.07,0.47,-0.07,0.65,-0.02,0.54,-0.08,0.56,-0.07,0.7,-0.09,0.42,-0.03,0.57
Tomball_ISD_Grade 5 Reading+_At Approaches Grade Level or Above,Tomball_ISD,Grade 5 Reading+,At Approaches Grade Level or Above,2021,-0.13,0.73,-0.13,0.73,-0.08,0.87,-0.15,0.76,-0.11,0.83,-0.06,0.9,-0.15,0.73,-0.07,0.84
Tomball_ISD_Grade 5 Science_At Masters Grade Level,Tomball_ISD,Grade 5 Science,At Masters Grade Level,2021,-0.11,0.13,-0.11,0.14,-0.11,0.31,-0.13,0.15,-0.1,0.22,-0.1,0.36,-0.11,0.14,-0.11,0.24
Tomball_ISD_Grade 5 Science_At Meets Grade Level or Above,Tomball_ISD,Grade 5 Science,At Meets Grade Level or Above,2021,-0.18,0.31,-0.18,0.32,-0.12,0.6,-0.06,0.46,-0.14,0.48,-0.1,0.66,-0.14,0.37,-0.09,0.51
Tomball_ISD_Grade 5 Science_At Approaches Grade Level or Above,Tomball_ISD,Grade 5 Science,At Approaches Grade Level or Above,2021,-0.13,0.62,-0.13,0.62,-0.02,0.88,-0.02,0.76,-0.03,0.81,0,0.92,-0.05,0.75,-0.02,0.83
YES_Prep_Grade 6 Mathematics_At Masters Grade Level,YES_Prep,Grade 6 Mathematics,At Masters Grade Level,2021,-0.06,0.15,-0.05,0.17,-0.09,0.09,-0.11,0.02,-0.1,0.09,-0.15,0.06,-0.09,0.08,-0.08,0.07
YES_Prep_Grade 6 Mathematics_At Meets Grade Level or Above,YES_Prep,Grade 6 Mathematics,At Meets Grade Level or Above,2021,-0.11,0.36,-0.11,0.37,-0.21,0.26,-0.17,0.17,-0.21,0.27,-0.33,0.24,-0.21,0.25,-0.18,0.25
YES_Prep_Grade 6 Mathematics_At Approaches Grade Level or Above,YES_Prep,Grade 6 Mathematics,At Approaches Grade Level or Above,2021,-0.13,0.68,-0.13,0.68,-0.23,0.61,-0.19,0.53,-0.24,0.62,-0.39,0.47,-0.24,0.6,-0.24,0.6
YES_Prep_Grade 6 Reading_At Masters Grade Level,YES_Prep,Grade 6 Reading,At Masters Grade Level,2021,-0.03,0.15,-0.03,0.16,-0.03,0.07,-0.05,0.04,-0.02,0.08,-0.05,0.06,-0.02,0.07,-0.01,0.05
YES_Prep_Grade 6 Reading_At Meets Grade Level or Above,YES_Prep,Grade 6 Reading,At Meets Grade Level or Above,2021,-0.05,0.32,-0.04,0.34,-0.06,0.21,-0.03,0.18,-0.06,0.21,-0.11,0.28,-0.06,0.2,-0.02,0.17
YES_Prep_Grade 6 Reading_At Approaches Grade Level or Above,YES_Prep,Grade 6 Reading,At Approaches Grade Level or Above,2021,-0.06,0.62,-0.05,0.64,-0.09,0.53,-0.04,0.51,-0.09,0.53,-0.25,0.5,-0.09,0.52,-0.04,0.49
YES_Prep_Grade 7 Mathematics_At Masters Grade Level,YES_Prep,Grade 7 Mathematics,At Masters Grade Level,2021,-0.05,0.12,-0.05,0.13,-0.1,0.1,-0.07,0.03,-0.11,0.1,0,0.23,-0.1,0.09,-0.1,0.07
YES_Prep_Grade 7 Mathematics_At Meets Grade Level or Above,YES_Prep,Grade 7 Mathematics,At Meets Grade Level or Above,2021,-0.16,0.27,-0.17,0.29,-0.23,0.25,-0.2,0.15,-0.25,0.25,-0.28,0.27,-0.24,0.24,-0.27,0.19
YES_Prep_Grade 7 Mathematics_At Approaches Grade Level or Above,YES_Prep,Grade 7 Mathematics,At Approaches Grade Level or Above,2021,-0.2,0.55,-0.2,0.57,-0.28,0.54,-0.34,0.41,-0.27,0.55,-0.23,0.62,-0.28,0.54,-0.31,0.49
YES_Prep_Grade 7 Reading_At Masters Grade Level,YES_Prep,Grade 7 Reading,At Masters Grade Level,2021,-0.04,0.25,-0.04,0.27,-0.06,0.16,0.03,0.17,-0.07,0.16,0.01,0.23,-0.06,0.15,-0.08,0.1
YES_Prep_Grade 7 Reading_At Meets Grade Level or Above,YES_Prep,Grade 7 Reading,At Meets Grade Level or Above,2021,-0.04,0.45,-0.04,0.47,-0.07,0.35,-0.01,0.34,-0.08,0.35,-0.1,0.31,-0.07,0.34,-0.09,0.28
YES_Prep_Grade 7 Reading_At Approaches Grade Level or Above,YES_Prep,Grade 7 Reading,At Approaches Grade Level or Above,2021,-0.07,0.69,-0.06,0.71,-0.1,0.63,-0.08,0.58,-0.1,0.64,-0.16,0.62,-0.1,0.63,-0.11,0.57
YES_Prep_Grade 7 Writing_At Masters Grade Level,YES_Prep,Grade 7 Writing,At Masters Grade Level,2021,-0.08,0.1,-0.09,0.1,-0.1,0.05,-0.07,0.04,-0.11,0.05,-0.12,0.08,-0.1,0.05,-0.08,0.03
YES_Prep_Grade 7 Writing_At Meets Grade Level or Above,YES_Prep,Grade 7 Writing,At Meets Grade Level or Above,2021,-0.09,0.33,-0.09,0.34,-0.16,0.25,-0.06,0.24,-0.18,0.24,-0.06,0.31,-0.17,0.24,-0.2,0.15
YES_Prep_Grade 7 Writing_At Approaches Grade Level or Above,YES_Prep,Grade 7 Writing,At Approaches Grade Level or Above,2021,-0.07,0.63,-0.09,0.63,-0.15,0.56,-0.14,0.54,-0.15,0.56,-0.04,0.69,-0.14,0.56,-0.18,0.47
YES_Prep_Grade 8 Mathematics+_At Masters Grade Level,YES_Prep,Grade 8 Mathematics+,At Masters Grade Level,2021,-0.06,0.11,-0.07,0.11,-0.2,0.08,-0.13,0.04,-0.21,0.08,-0.17,0.1,-0.19,0.08,-0.15,0.05
YES_Prep_Grade 8 Mathematics+_At Meets Grade Level or Above,YES_Prep,Grade 8 Mathematics+,At Meets Grade Level or Above,2021,-0.21,0.36,-0.21,0.37,-0.41,0.28,-0.38,0.18,-0.42,0.29,-0.4,0.29,-0.41,0.28,-0.37,0.23
YES_Prep_Grade 8 Mathematics+_At Approaches Grade Level or Above,YES_Prep,Grade 8 Mathematics+,At Approaches Grade Level or Above,2021,-0.26,0.62,-0.26,0.62,-0.37,0.56,-0.5,0.39,-0.37,0.57,-0.23,0.62,-0.39,0.55,-0.39,0.52
YES_Prep_Grade 8 Reading+_At Masters Grade Level,YES_Prep,Grade 8 Reading+,At Masters Grade Level,2021,-0.07,0.21,-0.08,0.22,-0.1,0.12,-0.07,0.07,-0.1,0.13,0.09,0.24,-0.1,0.12,-0.05,0.08
YES_Prep_Grade 8 Reading+_At Meets Grade Level or Above,YES_Prep,Grade 8 Reading+,At Meets Grade Level or Above,2021,-0.09,0.46,-0.08,0.48,-0.14,0.37,-0.08,0.27,-0.15,0.38,0.17,0.52,-0.16,0.36,-0.07,0.3
YES_Prep_Grade 8 Reading+_At Approaches Grade Level or Above,YES_Prep,Grade 8 Reading+,At Approaches Grade Level or Above,2021,-0.13,0.73,-0.12,0.74,-0.16,0.71,-0.17,0.62,-0.17,0.71,0.04,0.81,-0.17,0.7,-0.14,0.66