Primary_Key_2019_2021,School_Name,Grade_Test_Type,Mastery_Level,Baseline_Year,Compared_Year,YOY_State_2021,YOY_Region_2021,YOY_District_2021,YOY_African_American_2021,YoY_Hispanic_2021,YoY_White_2021,YoY_Econ_Disadv_2021,YoY_ELL_2021
Aldine_ISD_Grade 3 Mathematics_At Masters Grade Level_2021,Aldine_ISD,Grade 3 Mathematics,At Masters Grade Level,2019,2021,-0.11,-0.1,-0.12,-0.07,-0.14,-0.12,-0.13,-0.16
Aldine_ISD_Grade 3 Mathematics_At Meets Grade Level or Above_2021,Aldine_ISD,Grade 3 Mathematics,At Meets Grade Level or Above,2019,2021,-0.18,-0.18,-0.28,-0.2,-0.3,-0.33,-0.27,-0.31
Aldine_ISD_Grade 3 Mathematics_At Approaches Grade Level or Above_2021,Aldine_ISD,Grade 3 Mathematics,At Approaches Grade Level or Above,2019,2021,-0.17,-0.17,-0.37,-0.38,-0.37,-0.47,-0.37,-0.39
Aldine_ISD_Grade 3 Reading_At Masters Grade Level_2021,Aldine_ISD,Grade 3 Reading,At Masters Grade Level,2019,2021,-0.08,-0.08,-0.11,-0.09,-0.12,-0.18,-0.12,-0.12
Aldine_ISD_Grade 3 Reading_At Meets Grade Level or Above_2021,Aldine_ISD,Grade 3 Reading,At Meets Grade Level or Above,2019,2021,-0.06,-0.07,-0.16,-0.12,-0.17,-0.11,-0.15,-0.18
Aldine_ISD_Grade 3 Reading_At Approaches Grade Level or Above_2021,Aldine_ISD,Grade 3 Reading,At Approaches Grade Level or Above,2019,2021,-0.09,-0.08,-0.24,-0.22,-0.25,-0.27,-0.24,-0.27
Aldine_ISD_Grade 4 Mathematics_At Masters Grade Level_2021,Aldine_ISD,Grade 4 Mathematics,At Masters Grade Level,2019,2021,-0.07,-0.08,-0.12,-0.04,-0.14,-0.08,-0.12,-0.13
Aldine_ISD_Grade 4 Mathematics_At Meets Grade Level or Above_2021,Aldine_ISD,Grade 4 Mathematics,At Meets Grade Level or Above,2019,2021,-0.12,-0.12,-0.23,-0.14,-0.26,-0.09,-0.22,-0.26
Aldine_ISD_Grade 4 Mathematics_At Approaches Grade Level or Above_2021,Aldine_ISD,Grade 4 Mathematics,At Approaches Grade Level or Above,2019,2021,-0.16,-0.16,-0.35,-0.32,-0.36,-0.18,-0.35,-0.37
Aldine_ISD_Grade 4 Reading_At Masters Grade Level_2021,Aldine_ISD,Grade 4 Reading,At Masters Grade Level,2019,2021,-0.05,-0.05,-0.07,-0.05,-0.08,-0.05,-0.07,-0.06
Aldine_ISD_Grade 4 Reading_At Meets Grade Level or Above_2021,Aldine_ISD,Grade 4 Reading,At Meets Grade Level or Above,2019,2021,-0.08,-0.08,-0.17,-0.09,-0.18,-0.05,-0.17,-0.16
Aldine_ISD_Grade 4 Reading_At Approaches Grade Level or Above_2021,Aldine_ISD,Grade 4 Reading,At Approaches Grade Level or Above,2019,2021,-0.12,-0.12,-0.28,-0.22,-0.3,-0.1,-0.28,-0.3
Aldine_ISD_Grade 5 Mathematics+_At Masters Grade Level_2021,Aldine_ISD,Grade 5 Mathematics+,At Masters Grade Level,2019,2021,-0.11,-0.12,-0.19,-0.16,-0.2,-0.29,-0.18,-0.17
Aldine_ISD_Grade 5 Mathematics+_At Meets Grade Level or Above_2021,Aldine_ISD,Grade 5 Mathematics+,At Meets Grade Level or Above,2019,2021,-0.14,-0.14,-0.28,-0.24,-0.29,-0.21,-0.27,-0.28
Aldine_ISD_Grade 5 Mathematics+_At Approaches Grade Level or Above_2021,Aldine_ISD,Grade 5 Mathematics+,At Approaches Grade Level or Above,2019,2021,-0.2,-0.19,-0.37,-0.41,-0.37,-0.33,-0.38,-0.38
Aldine_ISD_Grade 5 Reading+_At Masters Grade Level_2021,Aldine_ISD,Grade 5 Reading+,At Masters Grade Level,2019,2021,0.01,0.01,-0.04,-0.03,-0.04,-0.08,-0.03,-0.01
Aldine_ISD_Grade 5 Reading+_At Meets Grade Level or Above_2021,Aldine_ISD,Grade 5 Reading+,At Meets Grade Level or Above,2019,2021,-0.08,-0.07,-0.13,-0.13,-0.14,-0.07,-0.13,-0.1
Aldine_ISD_Grade 5 Reading+_At Approaches Grade Level or Above_2021,Aldine_ISD,Grade 5 Reading+,At Approaches Grade Level or Above,2019,2021,-0.13,-0.13,-0.24,-0.26,-0.25,-0.1,-0.25,-0.25
Aldine_ISD_Grade 5 Science_At Masters Grade Level_2021,Aldine_ISD,Grade 5 Science,At Masters Grade Level,2019,2021,-0.11,-0.11,-0.08,-0.05,-0.09,-0.14,-0.08,-0.07
Aldine_ISD_Grade 5 Science_At Meets Grade Level or Above_2021,Aldine_ISD,Grade 5 Science,At Meets Grade Level or Above,2019,2021,-0.18,-0.18,-0.22,-0.15,-0.24,-0.31,-0.22,-0.21
Aldine_ISD_Grade 5 Science_At Approaches Grade Level or Above_2021,Aldine_ISD,Grade 5 Science,At Approaches Grade Level or Above,2019,2021,-0.13,-0.13,-0.25,-0.23,-0.27,-0.17,-0.26,-0.26
Alief_ISD_Grade 3 Mathematics_At Masters Grade Level_2021,Alief_ISD,Grade 3 Mathematics,At Masters Grade Level,2019,2021,-0.11,-0.1,-0.11,-0.11,-0.08,-0.12,-0.1,-0.11
Alief_ISD_Grade 3 Mathematics_At Meets Grade Level or Above_2021,Alief_ISD,Grade 3 Mathematics,At Meets Grade Level or Above,2019,2021,-0.18,-0.18,-0.2,-0.21,-0.18,-0.25,-0.2,-0.19
Alief_ISD_Grade 3 Mathematics_At Approaches Grade Level or Above_2021,Alief_ISD,Grade 3 Mathematics,At Approaches Grade Level or Above,2019,2021,-0.17,-0.17,-0.23,-0.21,-0.26,-0.25,-0.23,-0.23
Alief_ISD_Grade 3 Reading_At Masters Grade Level_2021,Alief_ISD,Grade 3 Reading,At Masters Grade Level,2019,2021,-0.08,-0.08,-0.07,-0.05,-0.06,-0.1,-0.06,-0.08
Alief_ISD_Grade 3 Reading_At Meets Grade Level or Above_2021,Alief_ISD,Grade 3 Reading,At Meets Grade Level or Above,2019,2021,-0.06,-0.07,-0.08,-0.06,-0.08,-0.14,-0.09,-0.09
Alief_ISD_Grade 3 Reading_At Approaches Grade Level or Above_2021,Alief_ISD,Grade 3 Reading,At Approaches Grade Level or Above,2019,2021,-0.09,-0.08,-0.12,-0.12,-0.13,-0.15,-0.12,-0.12
Alief_ISD_Grade 4 Mathematics_At Masters Grade Level_2021,Alief_ISD,Grade 4 Mathematics,At Masters Grade Level,2019,2021,-0.07,-0.08,-0.14,-0.11,-0.14,-0.14,-0.13,-0.14
Alief_ISD_Grade 4 Mathematics_At Meets Grade Level or Above_2021,Alief_ISD,Grade 4 Mathematics,At Meets Grade Level or Above,2019,2021,-0.12,-0.12,-0.22,-0.21,-0.23,-0.22,-0.21,-0.22
Alief_ISD_Grade 4 Mathematics_At Approaches Grade Level or Above_2021,Alief_ISD,Grade 4 Mathematics,At Approaches Grade Level or Above,2019,2021,-0.16,-0.16,-0.26,-0.24,-0.27,-0.26,-0.25,-0.26
Alief_ISD_Grade 4 Reading_At Masters Grade Level_2021,Alief_ISD,Grade 4 Reading,At Masters Grade Level,2019,2021,-0.05,-0.05,-0.06,-0.05,-0.05,-0.07,-0.05,-0.07
Alief_ISD_Grade 4 Reading_At Meets Grade Level or Above_2021,Alief_ISD,Grade 4 Reading,At Meets Grade Level or Above,2019,2021,-0.08,-0.08,-0.1,-0.05,-0.11,-0.18,-0.09,-0.11
Alief_ISD_Grade 4 Reading_At Approaches Grade Level or Above_2021,Alief_ISD,Grade 4 Reading,At Approaches Grade Level or Above,2019,2021,-0.12,-0.12,-0.2,-0.14,-0.21,-0.17,-0.19,-0.2
Alief_ISD_Grade 5 Mathematics+_At Masters Grade Level_2021,Alief_ISD,Grade 5 Mathematics+,At Masters Grade Level,2019,2021,-0.11,-0.12,-0.13,-0.11,-0.12,-0.17,-0.13,-0.13
Alief_ISD_Grade 5 Mathematics+_At Meets Grade Level or Above_2021,Alief_ISD,Grade 5 Mathematics+,At Meets Grade Level or Above,2019,2021,-0.14,-0.14,-0.19,-0.14,-0.2,-0.22,-0.18,-0.21
Alief_ISD_Grade 5 Mathematics+_At Approaches Grade Level or Above_2021,Alief_ISD,Grade 5 Mathematics+,At Approaches Grade Level or Above,2019,2021,-0.2,-0.19,-0.29,-0.3,-0.32,-0.33,-0.3,-0.3
Alief_ISD_Grade 5 Reading+_At Masters Grade Level_2021,Alief_ISD,Grade 5 Reading+,At Masters Grade Level,2019,2021,0.01,0.01,-0.04,-0.01,-0.06,-0.08,-0.04,-0.04
Alief_ISD_Grade 5 Reading+_At Meets Grade Level or Above_2021,Alief_ISD,Grade 5 Reading+,At Meets Grade Level or Above,2019,2021,-0.08,-0.07,-0.14,-0.13,-0.13,-0.2,-0.14,-0.14
Alief_ISD_Grade 5 Reading+_At Approaches Grade Level or Above_2021,Alief_ISD,Grade 5 Reading+,At Approaches Grade Level or Above,2019,2021,-0.13,-0.13,-0.22,-0.23,-0.24,-0.26,-0.22,-0.21
Alief_ISD_Grade 5 Science_At Masters Grade Level_2021,Alief_ISD,Grade 5 Science,At Masters Grade Level,2019,2021,-0.11,-0.11,-0.09,-0.05,-0.08,-0.15,-0.08,-0.09
Alief_ISD_Grade 5 Science_At Meets Grade Level or Above_2021,Alief_ISD,Grade 5 Science,At Meets Grade Level or Above,2019,2021,-0.18,-0.18,-0.2,-0.12,-0.22,-0.26,-0.2,-0.21
Alief_ISD_Grade 5 Science_At Approaches Grade Level or Above_2021,Alief_ISD,Grade 5 Science,At Approaches Grade Level or Above,2019,2021,-0.13,-0.13,-0.22,-0.18,-0.25,-0.26,-0.23,-0.24
CHANNELVIEW_ISD_Grade 3 Mathematics_At Masters Grade Level_2021,CHANNELVIEW_ISD,Grade 3 Mathematics,At Masters Grade Level,2019,2021,-0.11,-0.1,-0.11,-0.08,-0.12,-0.15,-0.11,-0.1
CHANNELVIEW_ISD_Grade 3 Mathematics_At Meets Grade Level or Above_2021,CHANNELVIEW_ISD,Grade 3 Mathematics,At Meets Grade Level or Above,2019,2021,-0.18,-0.18,-0.21,-0.2,-0.23,-0.17,-0.21,-0.17
CHANNELVIEW_ISD_Grade 3 Mathematics_At Approaches Grade Level or Above_2021,CHANNELVIEW_ISD,Grade 3 Mathematics,At Approaches Grade Level or Above,2019,2021,-0.17,-0.17,-0.21,-0.19,-0.22,-0.13,-0.23,-0.21
CHANNELVIEW_ISD_Grade 3 Reading_At Masters Grade Level_2021,CHANNELVIEW_ISD,Grade 3 Reading,At Masters Grade Level,2019,2021,-0.08,-0.08,-0.1,-0.15,-0.11,0,-0.11,-0.06
CHANNELVIEW_ISD_Grade 3 Reading_At Meets Grade Level or Above_2021,CHANNELVIEW_ISD,Grade 3 Reading,At Meets Grade Level or Above,2019,2021,-0.06,-0.07,-0.11,-0.14,-0.12,-0.04,-0.14,-0.12
CHANNELVIEW_ISD_Grade 3 Reading_At Approaches Grade Level or Above_2021,CHANNELVIEW_ISD,Grade 3 Reading,At Approaches Grade Level or Above,2019,2021,-0.09,-0.08,-0.11,-0.11,-0.13,0.04,-0.12,-0.1
CHANNELVIEW_ISD_Grade 4 Mathematics_At Masters Grade Level_2021,CHANNELVIEW_ISD,Grade 4 Mathematics,At Masters Grade Level,2019,2021,-0.07,-0.08,-0.11,-0.02,-0.14,-0.04,-0.12,-0.15
CHANNELVIEW_ISD_Grade 4 Mathematics_At Meets Grade Level or Above_2021,CHANNELVIEW_ISD,Grade 4 Mathematics,At Meets Grade Level or Above,2019,2021,-0.12,-0.12,-0.2,-0.09,-0.2,-0.3,-0.19,-0.23
CHANNELVIEW_ISD_Grade 4 Mathematics_At Approaches Grade Level or Above_2021,CHANNELVIEW_ISD,Grade 4 Mathematics,At Approaches Grade Level or Above,2019,2021,-0.16,-0.16,-0.23,-0.34,-0.23,-0.21,-0.24,-0.22
CHANNELVIEW_ISD_Grade 4 Reading_At Masters Grade Level_2021,CHANNELVIEW_ISD,Grade 4 Reading,At Masters Grade Level,2019,2021,-0.05,-0.05,-0.04,0.02,-0.05,-0.08,-0.05,-0.04
CHANNELVIEW_ISD_Grade 4 Reading_At Meets Grade Level or Above_2021,CHANNELVIEW_ISD,Grade 4 Reading,At Meets Grade Level or Above,2019,2021,-0.08,-0.08,-0.07,-0.09,-0.06,-0.19,-0.06,-0.05
CHANNELVIEW_ISD_Grade 4 Reading_At Approaches Grade Level or Above_2021,CHANNELVIEW_ISD,Grade 4 Reading,At Approaches Grade Level or Above,2019,2021,-0.12,-0.12,-0.15,-0.15,-0.14,-0.19,-0.17,-0.14
CHANNELVIEW_ISD_Grade 5 Mathematics+_At Meets Grade Level or Above_2021,CHANNELVIEW_ISD,Grade 5 Mathematics+,At Meets Grade Level or Above,2019,2021,-0.14,-0.14,-0.18,-0.38,-0.16,-0.18,-0.17,-0.2
CHANNELVIEW_ISD_Grade 5 Mathematics+_At Approaches Grade Level or Above_2021,CHANNELVIEW_ISD,Grade 5 Mathematics+,At Approaches Grade Level or Above,2019,2021,-0.2,-0.19,-0.24,-0.39,-0.21,-0.28,-0.22,-0.22
CHANNELVIEW_ISD_Grade 5 Reading+_At Masters Grade Level_2021,CHANNELVIEW_ISD,Grade 5 Reading+,At Masters Grade Level,2019,2021,0.01,0.01,0.02,-0.04,0.04,-0.05,0.02,0.01
CHANNELVIEW_ISD_Grade 5 Reading+_At Meets Grade Level or Above_2021,CHANNELVIEW_ISD,Grade 5 Reading+,At Meets Grade Level or Above,2019,2021,-0.08,-0.07,-0.05,-0.19,-0.02,-0.25,-0.05,-0.03
CHANNELVIEW_ISD_Grade 5 Reading+_At Approaches Grade Level or Above_2021,CHANNELVIEW_ISD,Grade 5 Reading+,At Approaches Grade Level or Above,2019,2021,-0.13,-0.13,-0.19,-0.39,-0.15,-0.37,-0.2,-0.17
CHANNELVIEW_ISD_Grade 5 Science_At Masters Grade Level_2021,CHANNELVIEW_ISD,Grade 5 Science,At Masters Grade Level,2019,2021,-0.11,-0.11,-0.13,-0.09,-0.13,-0.19,-0.11,-0.13
CHANNELVIEW_ISD_Grade 5 Science_At Meets Grade Level or Above_2021,CHANNELVIEW_ISD,Grade 5 Science,At Meets Grade Level or Above,2019,2021,-0.18,-0.18,-0.25,-0.29,-0.23,-0.39,-0.23,-0.21
CHANNELVIEW_ISD_Grade 5 Science_At Approaches Grade Level or Above_2021,CHANNELVIEW_ISD,Grade 5 Science,At Approaches Grade Level or Above,2019,2021,-0.13,-0.13,-0.19,-0.48,-0.15,-0.3,-0.17,-0.12
CROSBY_ISD_Grade 3 Mathematics_At Masters Grade Level_2021,CROSBY_ISD,Grade 3 Mathematics,At Masters Grade Level,2019,2021,-0.11,-0.1,-0.02,0.08,-0.02,-0.06,-0.02,-0.04
CROSBY_ISD_Grade 3 Mathematics_At Meets Grade Level or Above_2021,CROSBY_ISD,Grade 3 Mathematics,At Meets Grade Level or Above,2019,2021,-0.18,-0.18,-0.09,-0.08,-0.07,-0.1,-0.12,-0.15
CROSBY_ISD_Grade 3 Mathematics_At Approaches Grade Level or Above_2021,CROSBY_ISD,Grade 3 Mathematics,At Approaches Grade Level or Above,2019,2021,-0.17,-0.17,-0.11,-0.35,-0.09,-0.08,-0.17,-0.1
CROSBY_ISD_Grade 3 Reading_At Masters Grade Level_2021,CROSBY_ISD,Grade 3 Reading,At Masters Grade Level,2019,2021,-0.08,-0.08,-0.03,0.05,-0.04,-0.06,-0.03,-0.08
CROSBY_ISD_Grade 3 Reading_At Meets Grade Level or Above_2021,CROSBY_ISD,Grade 3 Reading,At Meets Grade Level or Above,2019,2021,-0.06,-0.07,-0.01,0.08,-0.02,-0.02,-0.01,-0.1
CROSBY_ISD_Grade 3 Reading_At Approaches Grade Level or Above_2021,CROSBY_ISD,Grade 3 Reading,At Approaches Grade Level or Above,2019,2021,-0.09,-0.08,-0.05,-0.11,-0.04,-0.01,-0.07,-0.14
CROSBY_ISD_Grade 4 Mathematics_At Masters Grade Level_2021,CROSBY_ISD,Grade 4 Mathematics,At Masters Grade Level,2019,2021,-0.07,-0.08,0.06,-0.04,0.07,0.09,0.04,0.06
CROSBY_ISD_Grade 4 Mathematics_At Meets Grade Level or Above_2021,CROSBY_ISD,Grade 4 Mathematics,At Meets Grade Level or Above,2019,2021,-0.12,-0.12,0.09,0,0.06,0.13,0.06,0.04
CROSBY_ISD_Grade 4 Mathematics_At Approaches Grade Level or Above_2021,CROSBY_ISD,Grade 4 Mathematics,At Approaches Grade Level or Above,2019,2021,-0.16,-0.16,0.01,-0.06,-0.02,0.01,-0.03,-0.07
CROSBY_ISD_Grade 4 Reading_At Masters Grade Level_2021,CROSBY_ISD,Grade 4 Reading,At Masters Grade Level,2019,2021,-0.05,-0.05,0,0.02,0,-0.01,0.02,-0.04
CROSBY_ISD_Grade 4 Reading_At Meets Grade Level or Above_2021,CROSBY_ISD,Grade 4 Reading,At Meets Grade Level or Above,2019,2021,-0.08,-0.08,0.01,0.03,0,-0.01,0.05,0.05
CROSBY_ISD_Grade 4 Reading_At Approaches Grade Level or Above_2021,CROSBY_ISD,Grade 4 Reading,At Approaches Grade Level or Above,2019,2021,-0.12,-0.12,-0.01,-0.04,-0.04,0.03,0.01,-0.02
CROSBY_ISD_Grade 5 Mathematics+_At Masters Grade Level_2021,CROSBY_ISD,Grade 5 Mathematics+,At Masters Grade Level,2019,2021,-0.11,-0.12,-0.11,-0.23,-0.11,-0.08,-0.12,-0.18
CROSBY_ISD_Grade 5 Mathematics+_At Meets Grade Level or Above_2021,CROSBY_ISD,Grade 5 Mathematics+,At Meets Grade Level or Above,2019,2021,-0.14,-0.14,-0.09,-0.22,-0.11,-0.04,-0.09,-0.13
CROSBY_ISD_Grade 5 Mathematics+_At Approaches Grade Level or Above_2021,CROSBY_ISD,Grade 5 Mathematics+,At Approaches Grade Level or Above,2019,2021,-0.2,-0.19,-0.17,-0.2,-0.21,-0.11,-0.21,-0.25
CROSBY_ISD_Grade 5 Reading+_At Masters Grade Level_2021,CROSBY_ISD,Grade 5 Reading+,At Masters Grade Level,2019,2021,0.01,0.01,0.05,0.02,0.02,0.12,0.03,0.01
CROSBY_ISD_Grade 5 Reading+_At Meets Grade Level or Above_2021,CROSBY_ISD,Grade 5 Reading+,At Meets Grade Level or Above,2019,2021,-0.08,-0.07,-0.01,0,-0.05,0.06,-0.02,-0.12
CROSBY_ISD_Grade 5 Reading+_At Approaches Grade Level or Above_2021,CROSBY_ISD,Grade 5 Reading+,At Approaches Grade Level or Above,2019,2021,-0.13,-0.13,-0.04,0,-0.05,-0.03,-0.06,-0.1
CROSBY_ISD_Grade 5 Science_At Masters Grade Level_2021,CROSBY_ISD,Grade 5 Science,At Masters Grade Level,2019,2021,-0.11,-0.11,-0.1,-0.1,-0.11,-0.05,-0.07,-0.15
CROSBY_ISD_Grade 5 Science_At Meets Grade Level or Above_2021,CROSBY_ISD,Grade 5 Science,At Meets Grade Level or Above,2019,2021,-0.18,-0.18,-0.2,-0.12,-0.24,-0.15,-0.21,-0.34
CROSBY_ISD_Grade 5 Science_At Approaches Grade Level or Above_2021,CROSBY_ISD,Grade 5 Science,At Approaches Grade Level or Above,2019,2021,-0.13,-0.13,-0.14,-0.18,-0.19,-0.05,-0.18,-0.32
Cypress_Fairbanks_ISD_Grade 3 Mathematics_At Masters Grade Level_2021,Cypress_Fairbanks_ISD,Grade 3 Mathematics,At Masters Grade Level,2019,2021,-0.11,-0.1,-0.08,-0.06,-0.06,-0.13,-0.06,-0.07
Cypress_Fairbanks_ISD_Grade 3 Mathematics_At Meets Grade Level or Above_2021,Cypress_Fairbanks_ISD,Grade 3 Mathematics,At Meets Grade Level or Above,2019,2021,-0.18,-0.18,-0.15,-0.14,-0.15,-0.14,-0.14,-0.13
Cypress_Fairbanks_ISD_Grade 3 Mathematics_At Approaches Grade Level or Above_2021,Cypress_Fairbanks_ISD,Grade 3 Mathematics,At Approaches Grade Level or Above,2019,2021,-0.17,-0.17,-0.14,-0.2,-0.16,-0.06,-0.18,-0.15
Cypress_Fairbanks_ISD_Grade 3 Reading_At Masters Grade Level_2021,Cypress_Fairbanks_ISD,Grade 3 Reading,At Masters Grade Level,2019,2021,-0.08,-0.08,-0.07,-0.08,-0.07,-0.07,-0.08,-0.09
Cypress_Fairbanks_ISD_Grade 3 Reading_At Meets Grade Level or Above_2021,Cypress_Fairbanks_ISD,Grade 3 Reading,At Meets Grade Level or Above,2019,2021,-0.06,-0.07,-0.02,-0.03,-0.03,0,-0.03,-0.05
Cypress_Fairbanks_ISD_Grade 3 Reading_At Approaches Grade Level or Above_2021,Cypress_Fairbanks_ISD,Grade 3 Reading,At Approaches Grade Level or Above,2019,2021,-0.09,-0.08,-0.04,-0.05,-0.06,-0.01,-0.05,-0.07
Cypress_Fairbanks_ISD_Grade 4 Mathematics_At Masters Grade Level_2021,Cypress_Fairbanks_ISD,Grade 4 Mathematics,At Masters Grade Level,2019,2021,-0.07,-0.08,-0.09,-0.08,-0.09,-0.09,-0.09,-0.11
Cypress_Fairbanks_ISD_Grade 4 Mathematics_At Meets Grade Level or Above_2021,Cypress_Fairbanks_ISD,Grade 4 Mathematics,At Meets Grade Level or Above,2019,2021,-0.12,-0.12,-0.15,-0.15,-0.17,-0.11,-0.17,-0.18
Cypress_Fairbanks_ISD_Grade 4 Mathematics_At Approaches Grade Level or Above_2021,Cypress_Fairbanks_ISD,Grade 4 Mathematics,At Approaches Grade Level or Above,2019,2021,-0.16,-0.16,-0.17,-0.22,-0.22,-0.1,-0.22,-0.21
Cypress_Fairbanks_ISD_Grade 4 Reading_At Masters Grade Level_2021,Cypress_Fairbanks_ISD,Grade 4 Reading,At Masters Grade Level,2019,2021,-0.05,-0.05,-0.04,-0.01,-0.04,-0.04,-0.04,-0.06
Cypress_Fairbanks_ISD_Grade 4 Reading_At Meets Grade Level or Above_2021,Cypress_Fairbanks_ISD,Grade 4 Reading,At Meets Grade Level or Above,2019,2021,-0.08,-0.08,-0.07,-0.05,-0.08,-0.09,-0.08,-0.09
Cypress_Fairbanks_ISD_Grade 4 Reading_At Approaches Grade Level or Above_2021,Cypress_Fairbanks_ISD,Grade 4 Reading,At Approaches Grade Level or Above,2019,2021,-0.12,-0.12,-0.1,-0.1,-0.12,-0.08,-0.13,-0.13
Cypress_Fairbanks_ISD_Grade 5 Mathematics+_At Masters Grade Level_2021,Cypress_Fairbanks_ISD,Grade 5 Mathematics+,At Masters Grade Level,2019,2021,-0.11,-0.12,-0.1,-0.11,-0.1,-0.09,-0.1,-0.11
Cypress_Fairbanks_ISD_Grade 5 Mathematics+_At Meets Grade Level or Above_2021,Cypress_Fairbanks_ISD,Grade 5 Mathematics+,At Meets Grade Level or Above,2019,2021,-0.14,-0.14,-0.11,-0.17,-0.13,-0.07,-0.13,-0.12
Cypress_Fairbanks_ISD_Grade 5 Mathematics+_At Approaches Grade Level or Above_2021,Cypress_Fairbanks_ISD,Grade 5 Mathematics+,At Approaches Grade Level or Above,2019,2021,-0.2,-0.19,-0.17,-0.25,-0.22,-0.08,-0.22,-0.2
Cypress_Fairbanks_ISD_Grade 5 Reading+_At Masters Grade Level_2021,Cypress_Fairbanks_ISD,Grade 5 Reading+,At Masters Grade Level,2019,2021,0.01,0.01,0.02,0.01,0.01,0.04,0.02,0.02
Cypress_Fairbanks_ISD_Grade 5 Reading+_At Meets Grade Level or Above_2021,Cypress_Fairbanks_ISD,Grade 5 Reading+,At Meets Grade Level or Above,2019,2021,-0.08,-0.07,-0.07,-0.11,-0.07,-0.06,-0.07,-0.06
Cypress_Fairbanks_ISD_Grade 5 Reading+_At Approaches Grade Level or Above_2021,Cypress_Fairbanks_ISD,Grade 5 Reading+,At Approaches Grade Level or Above,2019,2021,-0.13,-0.13,-0.11,-0.16,-0.13,-0.07,-0.14,-0.13
Cypress_Fairbanks_ISD_Grade 5 Science_At Masters Grade Level_2021,Cypress_Fairbanks_ISD,Grade 5 Science,At Masters Grade Level,2019,2021,-0.11,-0.11,-0.17,-0.14,-0.16,-0.2,-0.14,-0.16
Cypress_Fairbanks_ISD_Grade 5 Science_At Meets Grade Level or Above_2021,Cypress_Fairbanks_ISD,Grade 5 Science,At Meets Grade Level or Above,2019,2021,-0.18,-0.18,-0.21,-0.22,-0.24,-0.17,-0.22,-0.23
Cypress_Fairbanks_ISD_Grade 5 Science_At Approaches Grade Level or Above_2021,Cypress_Fairbanks_ISD,Grade 5 Science,At Approaches Grade Level or Above,2019,2021,-0.13,-0.13,-0.11,-0.18,-0.15,-0.05,-0.15,-0.14
Deer_Park_ISD_Grade 3 Mathematics_At Approaches Grade Level or Above_2021,Deer_Park_ISD,Grade 3 Mathematics,At Approaches Grade Level or Above,2019,2021,-0.17,-0.17,-0.12,-0.34,-0.13,-0.1,-0.14,-0.08
Deer_Park_ISD_Grade 3 Reading_At Approaches Grade Level or Above_2021,Deer_Park_ISD,Grade 3 Reading,At Approaches Grade Level or Above,2019,2021,-0.09,-0.08,-0.1,-0.23,-0.11,-0.05,-0.1,-0.02
Deer_Park_ISD_Grade 4 Mathematics_At Masters Grade Level_2021,Deer_Park_ISD,Grade 4 Mathematics,At Masters Grade Level,2019,2021,-0.07,-0.08,-0.07,-0.15,-0.05,-0.07,-0.06,-0.07
Deer_Park_ISD_Grade 4 Mathematics_At Meets Grade Level or Above_2021,Deer_Park_ISD,Grade 4 Mathematics,At Meets Grade Level or Above,2019,2021,-0.12,-0.12,-0.12,-0.12,-0.14,-0.07,-0.13,-0.2
Deer_Park_ISD_Grade 4 Mathematics_At Approaches Grade Level or Above_2021,Deer_Park_ISD,Grade 4 Mathematics,At Approaches Grade Level or Above,2019,2021,-0.16,-0.16,-0.16,-0.24,-0.18,-0.12,-0.2,-0.32
Deer_Park_ISD_Grade 4 Reading_At Masters Grade Level_2021,Deer_Park_ISD,Grade 4 Reading,At Masters Grade Level,2019,2021,-0.05,-0.05,-0.05,-0.05,-0.04,-0.06,-0.02,-0.03
Deer_Park_ISD_Grade 4 Reading_At Meets Grade Level or Above_2021,Deer_Park_ISD,Grade 4 Reading,At Meets Grade Level or Above,2019,2021,-0.08,-0.08,-0.08,-0.16,-0.07,-0.13,-0.05,-0.13
Deer_Park_ISD_Grade 4 Reading_At Approaches Grade Level or Above_2021,Deer_Park_ISD,Grade 4 Reading,At Approaches Grade Level or Above,2019,2021,-0.12,-0.12,-0.15,-0.19,-0.15,-0.14,-0.17,-0.23
Deer_Park_ISD_Grade 5 Mathematics+_At Meets Grade Level or Above_2021,Deer_Park_ISD,Grade 5 Mathematics+,At Meets Grade Level or Above,2019,2021,-0.14,-0.14,-0.17,-0.36,-0.13,-0.23,-0.17,-0.09
Deer_Park_ISD_Grade 5 Mathematics+_At Approaches Grade Level or Above_2021,Deer_Park_ISD,Grade 5 Mathematics+,At Approaches Grade Level or Above,2019,2021,-0.2,-0.19,-0.22,-0.45,-0.2,-0.23,-0.27,-0.18
Deer_Park_ISD_Grade 5 Reading+_At Masters Grade Level_2021,Deer_Park_ISD,Grade 5 Reading+,At Masters Grade Level,2019,2021,0.01,0.01,0.01,-0.08,0,0.03,-0.02,0.03
Deer_Park_ISD_Grade 5 Reading+_At Meets Grade Level or Above_2021,Deer_Park_ISD,Grade 5 Reading+,At Meets Grade Level or Above,2019,2021,-0.08,-0.07,-0.09,-0.12,-0.08,-0.1,-0.11,-0.05
Deer_Park_ISD_Grade 5 Reading+_At Approaches Grade Level or Above_2021,Deer_Park_ISD,Grade 5 Reading+,At Approaches Grade Level or Above,2019,2021,-0.13,-0.13,-0.15,-0.31,-0.15,-0.13,-0.18,-0.18
Deer_Park_ISD_Grade 5 Science_At Meets Grade Level or Above_2021,Deer_Park_ISD,Grade 5 Science,At Meets Grade Level or Above,2019,2021,-0.18,-0.18,-0.22,-0.33,-0.19,-0.29,-0.24,-0.15
Deer_Park_ISD_Grade 5 Science_At Approaches Grade Level or Above_2021,Deer_Park_ISD,Grade 5 Science,At Approaches Grade Level or Above,2019,2021,-0.13,-0.13,-0.11,-0.31,-0.11,-0.12,-0.15,-0.1
Galena_Park_ISD_Grade 3 Mathematics_At Masters Grade Level_2021,Galena_Park_ISD,Grade 3 Mathematics,At Masters Grade Level,2019,2021,-0.11,-0.1,-0.12,-0.06,-0.13,-0.12,-0.12,-0.14
Galena_Park_ISD_Grade 3 Mathematics_At Meets Grade Level or Above_2021,Galena_Park_ISD,Grade 3 Mathematics,At Meets Grade Level or Above,2019,2021,-0.18,-0.18,-0.23,-0.15,-0.25,-0.15,-0.24,-0.26
Galena_Park_ISD_Grade 3 Mathematics_At Approaches Grade Level or Above_2021,Galena_Park_ISD,Grade 3 Mathematics,At Approaches Grade Level or Above,2019,2021,-0.17,-0.17,-0.22,-0.24,-0.22,-0.21,-0.23,-0.22
Galena_Park_ISD_Grade 3 Reading_At Masters Grade Level_2021,Galena_Park_ISD,Grade 3 Reading,At Masters Grade Level,2019,2021,-0.08,-0.08,-0.1,-0.08,-0.1,-0.1,-0.1,-0.1
Galena_Park_ISD_Grade 3 Reading_At Meets Grade Level or Above_2021,Galena_Park_ISD,Grade 3 Reading,At Meets Grade Level or Above,2019,2021,-0.06,-0.07,-0.14,-0.13,-0.15,-0.01,-0.15,-0.18
Galena_Park_ISD_Grade 3 Reading_At Approaches Grade Level or Above_2021,Galena_Park_ISD,Grade 3 Reading,At Approaches Grade Level or Above,2019,2021,-0.09,-0.08,-0.18,-0.15,-0.2,0.02,-0.2,-0.22
Galena_Park_ISD_Grade 4 Mathematics_At Masters Grade Level_2021,Galena_Park_ISD,Grade 4 Mathematics,At Masters Grade Level,2019,2021,-0.07,-0.08,-0.11,-0.08,-0.11,-0.23,-0.11,-0.11
Galena_Park_ISD_Grade 4 Mathematics_At Meets Grade Level or Above_2021,Galena_Park_ISD,Grade 4 Mathematics,At Meets Grade Level or Above,2019,2021,-0.12,-0.12,-0.18,-0.2,-0.17,-0.19,-0.18,-0.15
Galena_Park_ISD_Grade 4 Mathematics_At Approaches Grade Level or Above_2021,Galena_Park_ISD,Grade 4 Mathematics,At Approaches Grade Level or Above,2019,2021,-0.16,-0.16,-0.22,-0.3,-0.2,-0.17,-0.23,-0.17
Galena_Park_ISD_Grade 4 Reading_At Masters Grade Level_2021,Galena_Park_ISD,Grade 4 Reading,At Masters Grade Level,2019,2021,-0.05,-0.05,-0.02,-0.02,-0.02,0,-0.03,-0.03
Galena_Park_ISD_Grade 4 Reading_At Meets Grade Level or Above_2021,Galena_Park_ISD,Grade 4 Reading,At Meets Grade Level or Above,2019,2021,-0.08,-0.08,-0.07,-0.05,-0.07,-0.12,-0.09,-0.07
Galena_Park_ISD_Grade 4 Reading_At Approaches Grade Level or Above_2021,Galena_Park_ISD,Grade 4 Reading,At Approaches Grade Level or Above,2019,2021,-0.12,-0.12,-0.15,-0.17,-0.15,-0.17,-0.17,-0.15
Galena_Park_ISD_Grade 5 Mathematics+_At Masters Grade Level_2021,Galena_Park_ISD,Grade 5 Mathematics+,At Masters Grade Level,2019,2021,-0.11,-0.12,-0.15,-0.14,-0.14,-0.36,-0.14,-0.13
Galena_Park_ISD_Grade 5 Mathematics+_At Meets Grade Level or Above_2021,Galena_Park_ISD,Grade 5 Mathematics+,At Meets Grade Level or Above,2019,2021,-0.14,-0.14,-0.18,-0.2,-0.17,-0.15,-0.18,-0.16
Galena_Park_ISD_Grade 5 Mathematics+_At Approaches Grade Level or Above_2021,Galena_Park_ISD,Grade 5 Mathematics+,At Approaches Grade Level or Above,2019,2021,-0.2,-0.19,-0.22,-0.35,-0.2,-0.1,-0.23,-0.21
Galena_Park_ISD_Grade 5 Reading+_At Masters Grade Level_2021,Galena_Park_ISD,Grade 5 Reading+,At Masters Grade Level,2019,2021,0.01,0.01,0.02,-0.02,0.03,-0.05,0.02,0.03
Galena_Park_ISD_Grade 5 Reading+_At Meets Grade Level or Above_2021,Galena_Park_ISD,Grade 5 Reading+,At Meets Grade Level or Above,2019,2021,-0.08,-0.07,-0.08,-0.15,-0.06,-0.11,-0.07,-0.04
Galena_Park_ISD_Grade 5 Reading+_At Approaches Grade Level or Above_2021,Galena_Park_ISD,Grade 5 Reading+,At Approaches Grade Level or Above,2019,2021,-0.13,-0.13,-0.13,-0.22,-0.12,-0.16,-0.13,-0.12
Galena_Park_ISD_Grade 5 Science_At Masters Grade Level_2021,Galena_Park_ISD,Grade 5 Science,At Masters Grade Level,2019,2021,-0.11,-0.11,-0.13,-0.04,-0.13,-0.18,-0.12,-0.13
Galena_Park_ISD_Grade 5 Science_At Meets Grade Level or Above_2021,Galena_Park_ISD,Grade 5 Science,At Meets Grade Level or Above,2019,2021,-0.18,-0.18,-0.27,-0.21,-0.27,-0.29,-0.26,-0.28
Galena_Park_ISD_Grade 5 Science_At Approaches Grade Level or Above_2021,Galena_Park_ISD,Grade 5 Science,At Approaches Grade Level or Above,2019,2021,-0.13,-0.13,-0.2,-0.21,-0.21,-0.16,-0.21,-0.21
Goose_Creek_ISD_Grade 3 Mathematics_At Masters Grade Level_2021,Goose_Creek_ISD,Grade 3 Mathematics,At Masters Grade Level,2019,2021,-0.11,-0.1,-0.07,-0.07,-0.08,-0.06,-0.07,-0.07
Goose_Creek_ISD_Grade 3 Mathematics_At Meets Grade Level or Above_2021,Goose_Creek_ISD,Grade 3 Mathematics,At Meets Grade Level or Above,2019,2021,-0.18,-0.18,-0.13,-0.13,-0.13,-0.07,-0.13,-0.09
Goose_Creek_ISD_Grade 3 Mathematics_At Approaches Grade Level or Above_2021,Goose_Creek_ISD,Grade 3 Mathematics,At Approaches Grade Level or Above,2019,2021,-0.17,-0.17,-0.14,-0.17,-0.13,-0.14,-0.16,-0.1
Goose_Creek_ISD_Grade 3 Reading_At Masters Grade Level_2021,Goose_Creek_ISD,Grade 3 Reading,At Masters Grade Level,2019,2021,-0.08,-0.08,-0.06,-0.03,-0.06,-0.03,-0.05,-0.03
Goose_Creek_ISD_Grade 3 Reading_At Meets Grade Level or Above_2021,Goose_Creek_ISD,Grade 3 Reading,At Meets Grade Level or Above,2019,2021,-0.06,-0.07,-0.03,-0.02,-0.03,0.02,-0.04,-0.02
Goose_Creek_ISD_Grade 3 Reading_At Approaches Grade Level or Above_2021,Goose_Creek_ISD,Grade 3 Reading,At Approaches Grade Level or Above,2019,2021,-0.09,-0.08,-0.06,-0.09,-0.05,-0.06,-0.07,-0.05
Goose_Creek_ISD_Grade 4 Mathematics_At Masters Grade Level_2021,Goose_Creek_ISD,Grade 4 Mathematics,At Masters Grade Level,2019,2021,-0.07,-0.08,-0.04,-0.08,-0.04,0,-0.05,-0.07
Goose_Creek_ISD_Grade 4 Mathematics_At Meets Grade Level or Above_2021,Goose_Creek_ISD,Grade 4 Mathematics,At Meets Grade Level or Above,2019,2021,-0.12,-0.12,-0.09,-0.13,-0.09,-0.05,-0.09,-0.11
Goose_Creek_ISD_Grade 4 Mathematics_At Approaches Grade Level or Above_2021,Goose_Creek_ISD,Grade 4 Mathematics,At Approaches Grade Level or Above,2019,2021,-0.16,-0.16,-0.13,-0.26,-0.12,-0.08,-0.14,-0.12
Goose_Creek_ISD_Grade 4 Reading_At Masters Grade Level_2021,Goose_Creek_ISD,Grade 4 Reading,At Masters Grade Level,2019,2021,-0.05,-0.05,-0.02,-0.05,-0.02,0,-0.04,-0.03
Goose_Creek_ISD_Grade 4 Reading_At Meets Grade Level or Above_2021,Goose_Creek_ISD,Grade 4 Reading,At Meets Grade Level or Above,2019,2021,-0.08,-0.08,-0.03,-0.1,-0.03,-0.03,-0.05,-0.02
Goose_Creek_ISD_Grade 4 Reading_At Approaches Grade Level or Above_2021,Goose_Creek_ISD,Grade 4 Reading,At Approaches Grade Level or Above,2019,2021,-0.12,-0.12,-0.11,-0.21,-0.09,-0.08,-0.12,-0.11
Goose_Creek_ISD_Grade 5 Mathematics+_At Masters Grade Level_2021,Goose_Creek_ISD,Grade 5 Mathematics+,At Masters Grade Level,2019,2021,-0.11,-0.12,-0.06,-0.06,-0.06,-0.11,-0.06,-0.12
Goose_Creek_ISD_Grade 5 Mathematics+_At Meets Grade Level or Above_2021,Goose_Creek_ISD,Grade 5 Mathematics+,At Meets Grade Level or Above,2019,2021,-0.14,-0.14,-0.09,-0.13,-0.09,-0.11,-0.08,-0.14
Goose_Creek_ISD_Grade 5 Mathematics+_At Approaches Grade Level or Above_2021,Goose_Creek_ISD,Grade 5 Mathematics+,At Approaches Grade Level or Above,2019,2021,-0.2,-0.19,-0.16,-0.25,-0.16,-0.18,-0.18,-0.15
Goose_Creek_ISD_Grade 5 Reading+_At Masters Grade Level_2021,Goose_Creek_ISD,Grade 5 Reading+,At Masters Grade Level,2019,2021,0.01,0.01,0.03,-0.04,0.03,0.07,0.03,0.03
Goose_Creek_ISD_Grade 5 Reading+_At Meets Grade Level or Above_2021,Goose_Creek_ISD,Grade 5 Reading+,At Meets Grade Level or Above,2019,2021,-0.08,-0.07,-0.02,-0.11,-0.01,-0.01,-0.01,0
Goose_Creek_ISD_Grade 5 Reading+_At Approaches Grade Level or Above_2021,Goose_Creek_ISD,Grade 5 Reading+,At Approaches Grade Level or Above,2019,2021,-0.13,-0.13,-0.12,-0.2,-0.1,-0.15,-0.13,-0.09
Goose_Creek_ISD_Grade 5 Science_At Masters Grade Level_2021,Goose_Creek_ISD,Grade 5 Science,At Masters Grade Level,2019,2021,-0.11,-0.11,-0.12,-0.08,-0.12,-0.13,-0.1,-0.13
Goose_Creek_ISD_Grade 5 Science_At Meets Grade Level or Above_2021,Goose_Creek_ISD,Grade 5 Science,At Meets Grade Level or Above,2019,2021,-0.18,-0.18,-0.19,-0.23,-0.18,-0.22,-0.17,-0.17
Goose_Creek_ISD_Grade 5 Science_At Approaches Grade Level or Above_2021,Goose_Creek_ISD,Grade 5 Science,At Approaches Grade Level or Above,2019,2021,-0.13,-0.13,-0.1,-0.16,-0.09,-0.07,-0.1,-0.1
Harmony_Schools_Grade 3 Mathematics_At Masters Grade Level_2021,Harmony_Schools,Grade 3 Mathematics,At Masters Grade Level,2019,2021,-0.11,-0.1,-0.08,-0.11,-0.07,0.07,-0.08,-0.05
Harmony_Schools_Grade 3 Mathematics_At Masters Grade Level_2021,Harmony_Schools,Grade 3 Mathematics,At Masters Grade Level,2019,2021,-0.11,-0.1,-0.22,-0.15,-0.19,-0.47,-0.14,-0.14
Harmony_Schools_Grade 3 Mathematics_At Meets Grade Level or Above_2021,Harmony_Schools,Grade 3 Mathematics,At Meets Grade Level or Above,2019,2021,-0.18,-0.18,-0.23,-0.24,-0.21,-0.27,-0.22,-0.2
Harmony_Schools_Grade 3 Mathematics_At Meets Grade Level or Above_2021,Harmony_Schools,Grade 3 Mathematics,At Meets Grade Level or Above,2019,2021,-0.18,-0.18,-0.32,-0.31,-0.34,-0.37,-0.27,-0.26
Harmony_Schools_Grade 3 Mathematics_At Approaches Grade Level or Above_2021,Harmony_Schools,Grade 3 Mathematics,At Approaches Grade Level or Above,2019,2021,-0.17,-0.17,-0.34,-0.3,-0.43,-0.37,-0.35,-0.33
Harmony_Schools_Grade 3 Mathematics_At Approaches Grade Level or Above_2021,Harmony_Schools,Grade 3 Mathematics,At Approaches Grade Level or Above,2019,2021,-0.17,-0.17,-0.31,-0.33,-0.37,-0.19,-0.35,-0.32
Harmony_Schools_Grade 3 Reading_At Masters Grade Level_2021,Harmony_Schools,Grade 3 Reading,At Masters Grade Level,2019,2021,-0.08,-0.08,-0.15,-0.17,-0.13,-0.09,-0.15,-0.12
Harmony_Schools_Grade 3 Reading_At Masters Grade Level_2021,Harmony_Schools,Grade 3 Reading,At Masters Grade Level,2019,2021,-0.08,-0.08,-0.23,-0.24,-0.2,-0.31,-0.18,-0.15
Harmony_Schools_Grade 3 Reading_At Meets Grade Level or Above_2021,Harmony_Schools,Grade 3 Reading,At Meets Grade Level or Above,2019,2021,-0.06,-0.07,-0.16,-0.15,-0.15,-0.27,-0.14,-0.08
Harmony_Schools_Grade 3 Reading_At Meets Grade Level or Above_2021,Harmony_Schools,Grade 3 Reading,At Meets Grade Level or Above,2019,2021,-0.06,-0.07,-0.25,-0.21,-0.26,-0.29,-0.24,-0.17
Harmony_Schools_Grade 3 Reading_At Approaches Grade Level or Above_2021,Harmony_Schools,Grade 3 Reading,At Approaches Grade Level or Above,2019,2021,-0.09,-0.08,-0.14,-0.15,-0.12,-0.13,-0.13,-0.09
Harmony_Schools_Grade 3 Reading_At Approaches Grade Level or Above_2021,Harmony_Schools,Grade 3 Reading,At Approaches Grade Level or Above,2019,2021,-0.09,-0.08,-0.15,-0.18,-0.16,-0.12,-0.17,-0.12
Harmony_Schools_Grade 4 Mathematics_At Masters Grade Level_2021,Harmony_Schools,Grade 4 Mathematics,At Masters Grade Level,2019,2021,-0.07,-0.08,-0.16,-0.18,-0.13,-0.13,-0.15,-0.15
Harmony_Schools_Grade 4 Mathematics_At Masters Grade Level_2021,Harmony_Schools,Grade 4 Mathematics,At Masters Grade Level,2019,2021,-0.07,-0.08,-0.16,-0.09,-0.23,0.08,-0.15,-0.08
Harmony_Schools_Grade 4 Mathematics_At Meets Grade Level or Above_2021,Harmony_Schools,Grade 4 Mathematics,At Meets Grade Level or Above,2019,2021,-0.12,-0.12,-0.21,-0.16,-0.22,-0.25,-0.23,-0.24
Harmony_Schools_Grade 4 Mathematics_At Meets Grade Level or Above_2021,Harmony_Schools,Grade 4 Mathematics,At Meets Grade Level or Above,2019,2021,-0.12,-0.12,-0.24,-0.17,-0.35,0.22,-0.23,-0.16
Harmony_Schools_Grade 4 Mathematics_At Approaches Grade Level or Above_2021,Harmony_Schools,Grade 4 Mathematics,At Approaches Grade Level or Above,2019,2021,-0.16,-0.16,-0.24,-0.26,-0.25,-0.15,-0.27,-0.28
Harmony_Schools_Grade 4 Mathematics_At Approaches Grade Level or Above_2021,Harmony_Schools,Grade 4 Mathematics,At Approaches Grade Level or Above,2019,2021,-0.16,-0.16,-0.33,-0.27,-0.44,-0.15,-0.35,-0.34
Harmony_Schools_Grade 4 Reading_At Masters Grade Level_2021,Harmony_Schools,Grade 4 Reading,At Masters Grade Level,2019,2021,-0.05,-0.05,-0.14,-0.14,-0.1,-0.08,-0.14,-0.15
Harmony_Schools_Grade 4 Reading_At Masters Grade Level_2021,Harmony_Schools,Grade 4 Reading,At Masters Grade Level,2019,2021,-0.05,-0.05,-0.05,0,-0.09,-0.01,-0.02,-0.02
Harmony_Schools_Grade 4 Reading_At Meets Grade Level or Above_2021,Harmony_Schools,Grade 4 Reading,At Meets Grade Level or Above,2019,2021,-0.08,-0.08,-0.09,0.06,-0.19,-0.03,-0.08,-0.15
Harmony_Schools_Grade 4 Reading_At Meets Grade Level or Above_2021,Harmony_Schools,Grade 4 Reading,At Meets Grade Level or Above,2019,2021,-0.08,-0.08,-0.2,-0.13,-0.22,-0.21,-0.2,-0.25
Harmony_Schools_Grade 4 Reading_At Approaches Grade Level or Above_2021,Harmony_Schools,Grade 4 Reading,At Approaches Grade Level or Above,2019,2021,-0.12,-0.12,-0.25,-0.28,-0.29,-0.17,-0.28,-0.23
Harmony_Schools_Grade 4 Reading_At Approaches Grade Level or Above_2021,Harmony_Schools,Grade 4 Reading,At Approaches Grade Level or Above,2019,2021,-0.12,-0.12,-0.09,-0.04,-0.14,-0.32,-0.1,-0.12
Harmony_Schools_Grade 5 Mathematics+_At Masters Grade Level_2021,Harmony_Schools,Grade 5 Mathematics+,At Masters Grade Level,2019,2021,-0.11,-0.12,-0.26,-0.38,-0.15,-0.4,-0.25,-0.21
Harmony_Schools_Grade 5 Mathematics+_At Masters Grade Level_2021,Harmony_Schools,Grade 5 Mathematics+,At Masters Grade Level,2019,2021,-0.11,-0.12,-0.13,-0.11,-0.07,-0.26,-0.12,-0.16
Harmony_Schools_Grade 5 Mathematics+_At Meets Grade Level or Above_2021,Harmony_Schools,Grade 5 Mathematics+,At Meets Grade Level or Above,2019,2021,-0.14,-0.14,-0.32,-0.49,-0.2,-0.6,-0.31,-0.3
Harmony_Schools_Grade 5 Mathematics+_At Meets Grade Level or Above_2021,Harmony_Schools,Grade 5 Mathematics+,At Meets Grade Level or Above,2019,2021,-0.14,-0.14,-0.14,-0.15,-0.05,-0.19,-0.11,-0.14
Harmony_Schools_Grade 5 Mathematics+_At Approaches Grade Level or Above_2021,Harmony_Schools,Grade 5 Mathematics+,At Approaches Grade Level or Above,2019,2021,-0.2,-0.19,-0.21,-0.21,-0.2,-0.22,-0.24,-0.28
Harmony_Schools_Grade 5 Mathematics+_At Approaches Grade Level or Above_2021,Harmony_Schools,Grade 5 Mathematics+,At Approaches Grade Level or Above,2019,2021,-0.2,-0.19,-0.27,-0.32,-0.25,-0.3,-0.27,-0.26
Harmony_Schools_Grade 5 Reading+_At Masters Grade Level_2021,Harmony_Schools,Grade 5 Reading+,At Masters Grade Level,2019,2021,0.01,0.01,-0.12,-0.17,-0.07,-0.4,-0.1,-0.13
Harmony_Schools_Grade 5 Reading+_At Masters Grade Level_2021,Harmony_Schools,Grade 5 Reading+,At Masters Grade Level,2019,2021,0.01,0.01,-0.02,0,0.03,-0.16,-0.03,-0.06
Harmony_Schools_Grade 5 Reading+_At Meets Grade Level or Above_2021,Harmony_Schools,Grade 5 Reading+,At Meets Grade Level or Above,2019,2021,-0.08,-0.07,-0.18,-0.3,-0.07,-0.7,-0.16,-0.14
Harmony_Schools_Grade 5 Reading+_At Meets Grade Level or Above_2021,Harmony_Schools,Grade 5 Reading+,At Meets Grade Level or Above,2019,2021,-0.08,-0.07,-0.06,-0.09,-0.02,-0.09,-0.07,-0.1
Harmony_Schools_Grade 5 Reading+_At Approaches Grade Level or Above_2021,Harmony_Schools,Grade 5 Reading+,At Approaches Grade Level or Above,2019,2021,-0.13,-0.13,-0.21,-0.15,-0.26,-0.2,-0.22,-0.25
Harmony_Schools_Grade 5 Reading+_At Approaches Grade Level or Above_2021,Harmony_Schools,Grade 5 Reading+,At Approaches Grade Level or Above,2019,2021,-0.13,-0.13,-0.13,-0.07,-0.16,-0.2,-0.16,-0.18
Harmony_Schools_Grade 5 Science_At Masters Grade Level_2021,Harmony_Schools,Grade 5 Science,At Masters Grade Level,2019,2021,-0.11,-0.11,-0.05,0,-0.05,-0.03,-0.05,-0.08
Harmony_Schools_Grade 5 Science_At Meets Grade Level or Above_2021,Harmony_Schools,Grade 5 Science,At Meets Grade Level or Above,2019,2021,-0.18,-0.18,-0.1,-0.08,-0.1,-0.19,-0.1,-0.14
Harmony_Schools_Grade 5 Science_At Approaches Grade Level or Above_2021,Harmony_Schools,Grade 5 Science,At Approaches Grade Level or Above,2019,2021,-0.13,-0.13,-0.19,-0.27,-0.18,-0.4,-0.2,-0.19
Harmony_Schools_Grade 5 Science_At Approaches Grade Level or Above_2021,Harmony_Schools,Grade 5 Science,At Approaches Grade Level or Above,2019,2021,-0.13,-0.13,-0.1,-0.15,-0.08,-0.11,-0.11,-0.11
Houston_ISD_Grade 3 Mathematics_At Masters Grade Level_2021,Houston_ISD,Grade 3 Mathematics,At Masters Grade Level,2019,2021,-0.11,-0.1,-0.12,-0.08,-0.14,-0.09,-0.12,-0.14
Houston_ISD_Grade 3 Mathematics_At Meets Grade Level or Above_2021,Houston_ISD,Grade 3 Mathematics,At Meets Grade Level or Above,2019,2021,-0.18,-0.18,-0.22,-0.19,-0.26,-0.13,-0.24,-0.27
Houston_ISD_Grade 3 Mathematics_At Approaches Grade Level or Above_2021,Houston_ISD,Grade 3 Mathematics,At Approaches Grade Level or Above,2019,2021,-0.17,-0.17,-0.25,-0.29,-0.29,-0.06,-0.29,-0.3
Houston_ISD_Grade 3 Reading_At Masters Grade Level_2021,Houston_ISD,Grade 3 Reading,At Masters Grade Level,2019,2021,-0.08,-0.08,-0.09,-0.08,-0.1,-0.06,-0.09,-0.11
Houston_ISD_Grade 3 Reading_At Meets Grade Level or Above_2021,Houston_ISD,Grade 3 Reading,At Meets Grade Level or Above,2019,2021,-0.06,-0.07,-0.1,-0.07,-0.13,0.02,-0.12,-0.15
Houston_ISD_Grade 3 Reading_At Approaches Grade Level or Above_2021,Houston_ISD,Grade 3 Reading,At Approaches Grade Level or Above,2019,2021,-0.09,-0.08,-0.13,-0.11,-0.17,0,-0.16,-0.18
Houston_ISD_Grade 4 Mathematics_At Masters Grade Level_2021,Houston_ISD,Grade 4 Mathematics,At Masters Grade Level,2019,2021,-0.07,-0.08,-0.11,-0.07,-0.15,-0.08,-0.13,-0.15
Houston_ISD_Grade 4 Mathematics_At Meets Grade Level or Above_2021,Houston_ISD,Grade 4 Mathematics,At Meets Grade Level or Above,2019,2021,-0.12,-0.12,-0.17,-0.13,-0.23,-0.09,-0.2,-0.24
Houston_ISD_Grade 4 Mathematics_At Approaches Grade Level or Above_2021,Houston_ISD,Grade 4 Mathematics,At Approaches Grade Level or Above,2019,2021,-0.16,-0.16,-0.23,-0.24,-0.28,-0.09,-0.28,-0.29
Houston_ISD_Grade 4 Reading_At Masters Grade Level_2021,Houston_ISD,Grade 4 Reading,At Masters Grade Level,2019,2021,-0.05,-0.05,-0.05,-0.03,-0.07,-0.03,-0.05,-0.06
Houston_ISD_Grade 4 Reading_At Meets Grade Level or Above_2021,Houston_ISD,Grade 4 Reading,At Meets Grade Level or Above,2019,2021,-0.08,-0.08,-0.08,-0.06,-0.11,-0.02,-0.09,-0.1
Houston_ISD_Grade 4 Reading_At Approaches Grade Level or Above_2021,Houston_ISD,Grade 4 Reading,At Approaches Grade Level or Above,2019,2021,-0.12,-0.12,-0.13,-0.11,-0.17,-0.05,-0.15,-0.17
Houston_ISD_Grade 5 Mathematics+_At Masters Grade Level_2021,Houston_ISD,Grade 5 Mathematics+,At Masters Grade Level,2019,2021,-0.11,-0.12,-0.16,-0.12,-0.19,-0.12,-0.17,-0.19
Houston_ISD_Grade 5 Mathematics+_At Meets Grade Level or Above_2021,Houston_ISD,Grade 5 Mathematics+,At Meets Grade Level or Above,2019,2021,-0.14,-0.14,-0.2,-0.18,-0.24,-0.09,-0.22,-0.25
Houston_ISD_Grade 5 Mathematics+_At Approaches Grade Level or Above_2021,Houston_ISD,Grade 5 Mathematics+,At Approaches Grade Level or Above,2019,2021,-0.2,-0.19,-0.26,-0.31,-0.29,-0.08,-0.3,-0.29
Houston_ISD_Grade 5 Reading+_At Masters Grade Level_2021,Houston_ISD,Grade 5 Reading+,At Masters Grade Level,2019,2021,0.01,0.01,0,-0.01,-0.01,0.04,-0.01,0.01
Houston_ISD_Grade 5 Reading+_At Meets Grade Level or Above_2021,Houston_ISD,Grade 5 Reading+,At Meets Grade Level or Above,2019,2021,-0.08,-0.07,-0.06,-0.09,-0.07,-0.04,-0.08,-0.04
Houston_ISD_Grade 5 Reading+_At Approaches Grade Level or Above_2021,Houston_ISD,Grade 5 Reading+,At Approaches Grade Level or Above,2019,2021,-0.13,-0.13,-0.15,-0.2,-0.16,-0.05,-0.17,-0.16
Houston_ISD_Grade 5 Science_At Masters Grade Level_2021,Houston_ISD,Grade 5 Science,At Masters Grade Level,2019,2021,-0.11,-0.11,-0.09,-0.06,-0.11,-0.1,-0.1,-0.11
Houston_ISD_Grade 5 Science_At Meets Grade Level or Above_2021,Houston_ISD,Grade 5 Science,At Meets Grade Level or Above,2019,2021,-0.18,-0.18,-0.19,-0.14,-0.23,-0.12,-0.21,-0.22
Houston_ISD_Grade 5 Science_At Approaches Grade Level or Above_2021,Houston_ISD,Grade 5 Science,At Approaches Grade Level or Above,2019,2021,-0.13,-0.13,-0.18,-0.18,-0.22,-0.06,-0.22,-0.22
Huffman_ISD_Grade 4 Mathematics_At Masters Grade Level_2021,Huffman_ISD,Grade 4 Mathematics,At Masters Grade Level,2019,2021,-0.07,-0.08,-0.09,-0.48,-0.12,-0.07,-0.15,-0.01
Huffman_ISD_Grade 4 Mathematics_At Meets Grade Level or Above_2021,Huffman_ISD,Grade 4 Mathematics,At Meets Grade Level or Above,2019,2021,-0.12,-0.12,-0.14,-0.23,-0.22,-0.12,-0.19,-0.09
Huffman_ISD_Grade 4 Mathematics_At Approaches Grade Level or Above_2021,Huffman_ISD,Grade 4 Mathematics,At Approaches Grade Level or Above,2019,2021,-0.16,-0.16,-0.17,-0.39,-0.13,-0.16,-0.23,0.05
Huffman_ISD_Grade 4 Reading_At Masters Grade Level_2021,Huffman_ISD,Grade 4 Reading,At Masters Grade Level,2019,2021,-0.05,-0.05,-0.03,-0.36,-0.11,0.02,-0.03,-0.01
Huffman_ISD_Grade 4 Reading_At Meets Grade Level or Above_2021,Huffman_ISD,Grade 4 Reading,At Meets Grade Level or Above,2019,2021,-0.08,-0.08,-0.08,-0.31,-0.12,-0.05,-0.12,-0.05
Huffman_ISD_Grade 4 Reading_At Approaches Grade Level or Above_2021,Huffman_ISD,Grade 4 Reading,At Approaches Grade Level or Above,2019,2021,-0.12,-0.12,-0.18,-0.22,-0.3,-0.15,-0.26,-0.36
Humble_ISD_Grade 3 Mathematics_At Masters Grade Level_2021,Humble_ISD,Grade 3 Mathematics,At Masters Grade Level,2019,2021,-0.11,-0.1,-0.09,-0.09,-0.05,-0.1,-0.05,-0.09
Humble_ISD_Grade 3 Mathematics_At Meets Grade Level or Above_2021,Humble_ISD,Grade 3 Mathematics,At Meets Grade Level or Above,2019,2021,-0.18,-0.18,-0.15,-0.14,-0.14,-0.12,-0.15,-0.17
Humble_ISD_Grade 3 Mathematics_At Approaches Grade Level or Above_2021,Humble_ISD,Grade 3 Mathematics,At Approaches Grade Level or Above,2019,2021,-0.17,-0.17,-0.15,-0.19,-0.18,-0.09,-0.2,-0.22
Humble_ISD_Grade 3 Reading_At Masters Grade Level_2021,Humble_ISD,Grade 3 Reading,At Masters Grade Level,2019,2021,-0.08,-0.08,-0.09,-0.1,-0.06,-0.08,-0.07,-0.05
Humble_ISD_Grade 3 Reading_At Meets Grade Level or Above_2021,Humble_ISD,Grade 3 Reading,At Meets Grade Level or Above,2019,2021,-0.06,-0.07,-0.07,-0.1,-0.08,-0.04,-0.08,-0.11
Humble_ISD_Grade 3 Reading_At Approaches Grade Level or Above_2021,Humble_ISD,Grade 3 Reading,At Approaches Grade Level or Above,2019,2021,-0.09,-0.08,-0.09,-0.1,-0.12,-0.04,-0.13,-0.15
Humble_ISD_Grade 4 Mathematics_At Masters Grade Level_2021,Humble_ISD,Grade 4 Mathematics,At Masters Grade Level,2019,2021,-0.07,-0.08,-0.05,-0.04,-0.07,-0.04,-0.05,-0.1
Humble_ISD_Grade 4 Mathematics_At Meets Grade Level or Above_2021,Humble_ISD,Grade 4 Mathematics,At Meets Grade Level or Above,2019,2021,-0.12,-0.12,-0.09,-0.08,-0.1,-0.06,-0.08,-0.12
Humble_ISD_Grade 4 Mathematics_At Approaches Grade Level or Above_2021,Humble_ISD,Grade 4 Mathematics,At Approaches Grade Level or Above,2019,2021,-0.16,-0.16,-0.13,-0.13,-0.17,-0.09,-0.16,-0.21
Humble_ISD_Grade 4 Reading_At Masters Grade Level_2021,Humble_ISD,Grade 4 Reading,At Masters Grade Level,2019,2021,-0.05,-0.05,-0.06,-0.02,-0.07,-0.06,-0.05,-0.08
Humble_ISD_Grade 4 Reading_At Meets Grade Level or Above_2021,Humble_ISD,Grade 4 Reading,At Meets Grade Level or Above,2019,2021,-0.08,-0.08,-0.08,-0.03,-0.1,-0.07,-0.05,-0.12
Humble_ISD_Grade 4 Reading_At Approaches Grade Level or Above_2021,Humble_ISD,Grade 4 Reading,At Approaches Grade Level or Above,2019,2021,-0.12,-0.12,-0.1,-0.09,-0.13,-0.07,-0.12,-0.15
Humble_ISD_Grade 5 Mathematics+_At Masters Grade Level_2021,Humble_ISD,Grade 5 Mathematics+,At Masters Grade Level,2019,2021,-0.11,-0.12,-0.13,-0.08,-0.12,-0.14,-0.1,-0.12
Humble_ISD_Grade 5 Mathematics+_At Meets Grade Level or Above_2021,Humble_ISD,Grade 5 Mathematics+,At Meets Grade Level or Above,2019,2021,-0.14,-0.14,-0.12,-0.07,-0.15,-0.12,-0.13,-0.19
Humble_ISD_Grade 5 Mathematics+_At Approaches Grade Level or Above_2021,Humble_ISD,Grade 5 Mathematics+,At Approaches Grade Level or Above,2019,2021,-0.2,-0.19,-0.17,-0.2,-0.23,-0.11,-0.22,-0.25
Humble_ISD_Grade 5 Reading+_At Masters Grade Level_2021,Humble_ISD,Grade 5 Reading+,At Masters Grade Level,2019,2021,0.01,0.01,0.01,0.05,-0.01,0.01,-0.01,-0.01
Humble_ISD_Grade 5 Reading+_At Meets Grade Level or Above_2021,Humble_ISD,Grade 5 Reading+,At Meets Grade Level or Above,2019,2021,-0.08,-0.07,-0.07,-0.02,-0.1,-0.06,-0.08,-0.1
Humble_ISD_Grade 5 Reading+_At Approaches Grade Level or Above_2021,Humble_ISD,Grade 5 Reading+,At Approaches Grade Level or Above,2019,2021,-0.13,-0.13,-0.11,-0.12,-0.13,-0.08,-0.14,-0.14
Humble_ISD_Grade 5 Science_At Masters Grade Level_2021,Humble_ISD,Grade 5 Science,At Masters Grade Level,2019,2021,-0.11,-0.11,-0.1,-0.04,-0.09,-0.14,-0.06,-0.08
Humble_ISD_Grade 5 Science_At Meets Grade Level or Above_2021,Humble_ISD,Grade 5 Science,At Meets Grade Level or Above,2019,2021,-0.18,-0.18,-0.16,-0.1,-0.17,-0.16,-0.13,-0.18
Humble_ISD_Grade 5 Science_At Approaches Grade Level or Above_2021,Humble_ISD,Grade 5 Science,At Approaches Grade Level or Above,2019,2021,-0.13,-0.13,-0.1,-0.07,-0.11,-0.09,-0.11,-0.16
Katy_ISD_Grade 3 Mathematics_At Masters Grade Level_2021,Katy_ISD,Grade 3 Mathematics,At Masters Grade Level,2019,2021,-0.11,-0.1,-0.1,-0.1,-0.06,-0.07,-0.06,-0.09
Katy_ISD_Grade 3 Mathematics_At Meets Grade Level or Above_2021,Katy_ISD,Grade 3 Mathematics,At Meets Grade Level or Above,2019,2021,-0.18,-0.18,-0.13,-0.16,-0.14,-0.06,-0.14,-0.13
Katy_ISD_Grade 3 Mathematics_At Approaches Grade Level or Above_2021,Katy_ISD,Grade 3 Mathematics,At Approaches Grade Level or Above,2019,2021,-0.17,-0.17,-0.08,-0.11,-0.11,-0.04,-0.13,-0.09
Katy_ISD_Grade 3 Reading_At Masters Grade Level_2021,Katy_ISD,Grade 3 Reading,At Masters Grade Level,2019,2021,-0.08,-0.08,-0.08,-0.09,-0.07,-0.02,-0.07,-0.07
Katy_ISD_Grade 3 Reading_At Meets Grade Level or Above_2021,Katy_ISD,Grade 3 Reading,At Meets Grade Level or Above,2019,2021,-0.06,-0.07,-0.03,-0.02,-0.03,0.03,-0.02,-0.01
Katy_ISD_Grade 3 Reading_At Approaches Grade Level or Above_2021,Katy_ISD,Grade 3 Reading,At Approaches Grade Level or Above,2019,2021,-0.09,-0.08,-0.04,-0.08,-0.05,0.01,-0.06,-0.03
Katy_ISD_Grade 4 Mathematics_At Masters Grade Level_2021,Katy_ISD,Grade 4 Mathematics,At Masters Grade Level,2019,2021,-0.07,-0.08,-0.03,-0.05,-0.04,-0.01,-0.03,-0.04
Katy_ISD_Grade 4 Mathematics_At Meets Grade Level or Above_2021,Katy_ISD,Grade 4 Mathematics,At Meets Grade Level or Above,2019,2021,-0.12,-0.12,-0.05,-0.05,-0.08,-0.03,-0.07,-0.07
Katy_ISD_Grade 4 Mathematics_At Approaches Grade Level or Above_2021,Katy_ISD,Grade 4 Mathematics,At Approaches Grade Level or Above,2019,2021,-0.16,-0.16,-0.08,-0.11,-0.13,-0.05,-0.13,-0.09
Katy_ISD_Grade 4 Reading_At Masters Grade Level_2021,Katy_ISD,Grade 4 Reading,At Masters Grade Level,2019,2021,-0.05,-0.05,-0.04,-0.02,-0.05,-0.03,-0.03,-0.02
Katy_ISD_Grade 4 Reading_At Meets Grade Level or Above_2021,Katy_ISD,Grade 4 Reading,At Meets Grade Level or Above,2019,2021,-0.08,-0.08,-0.06,-0.05,-0.1,-0.04,-0.07,-0.06
Katy_ISD_Grade 4 Reading_At Approaches Grade Level or Above_2021,Katy_ISD,Grade 4 Reading,At Approaches Grade Level or Above,2019,2021,-0.12,-0.12,-0.07,-0.09,-0.1,-0.05,-0.1,-0.07
Katy_ISD_Grade 5 Mathematics+_At Masters Grade Level_2021,Katy_ISD,Grade 5 Mathematics+,At Masters Grade Level,2019,2021,-0.11,-0.12,-0.08,-0.1,-0.08,-0.07,-0.11,-0.11
Katy_ISD_Grade 5 Mathematics+_At Meets Grade Level or Above_2021,Katy_ISD,Grade 5 Mathematics+,At Meets Grade Level or Above,2019,2021,-0.14,-0.14,-0.07,-0.11,-0.09,-0.05,-0.11,-0.09
Katy_ISD_Grade 5 Mathematics+_At Approaches Grade Level or Above_2021,Katy_ISD,Grade 5 Mathematics+,At Approaches Grade Level or Above,2019,2021,-0.2,-0.19,-0.1,-0.19,-0.13,-0.05,-0.17,-0.11
Katy_ISD_Grade 5 Reading+_At Masters Grade Level_2021,Katy_ISD,Grade 5 Reading+,At Masters Grade Level,2019,2021,0.01,0.01,0.04,0.05,0.03,0.04,0.03,0.02
Katy_ISD_Grade 5 Reading+_At Meets Grade Level or Above_2021,Katy_ISD,Grade 5 Reading+,At Meets Grade Level or Above,2019,2021,-0.08,-0.07,-0.06,-0.05,-0.05,-0.05,-0.06,-0.06
Katy_ISD_Grade 5 Reading+_At Approaches Grade Level or Above_2021,Katy_ISD,Grade 5 Reading+,At Approaches Grade Level or Above,2019,2021,-0.13,-0.13,-0.06,-0.1,-0.07,-0.05,-0.09,-0.06
Katy_ISD_Grade 5 Science_At Masters Grade Level_2021,Katy_ISD,Grade 5 Science,At Masters Grade Level,2019,2021,-0.11,-0.11,-0.13,-0.12,-0.13,-0.13,-0.13,-0.14
Katy_ISD_Grade 5 Science_At Meets Grade Level or Above_2021,Katy_ISD,Grade 5 Science,At Meets Grade Level or Above,2019,2021,-0.18,-0.18,-0.16,-0.15,-0.2,-0.14,-0.21,-0.19
Katy_ISD_Grade 5 Science_At Approaches Grade Level or Above_2021,Katy_ISD,Grade 5 Science,At Approaches Grade Level or Above,2019,2021,-0.13,-0.13,-0.07,-0.09,-0.11,-0.04,-0.13,-0.12
Klein_ISD_Grade 3 Mathematics_At Masters Grade Level_2021,Klein_ISD,Grade 3 Mathematics,At Masters Grade Level,2019,2021,-0.11,-0.1,-0.08,-0.05,-0.07,-0.09,-0.06,-0.07
Klein_ISD_Grade 3 Mathematics_At Meets Grade Level or Above_2021,Klein_ISD,Grade 3 Mathematics,At Meets Grade Level or Above,2019,2021,-0.18,-0.18,-0.13,-0.14,-0.13,-0.11,-0.12,-0.13
Klein_ISD_Grade 3 Mathematics_At Approaches Grade Level or Above_2021,Klein_ISD,Grade 3 Mathematics,At Approaches Grade Level or Above,2019,2021,-0.17,-0.17,-0.09,-0.17,-0.1,-0.06,-0.12,-0.08
Klein_ISD_Grade 3 Reading_At Masters Grade Level_2021,Klein_ISD,Grade 3 Reading,At Masters Grade Level,2019,2021,-0.08,-0.08,-0.08,-0.07,-0.09,-0.08,-0.07,-0.08
Klein_ISD_Grade 3 Reading_At Meets Grade Level or Above_2021,Klein_ISD,Grade 3 Reading,At Meets Grade Level or Above,2019,2021,-0.06,-0.07,-0.06,-0.06,-0.05,-0.04,-0.05,-0.05
Klein_ISD_Grade 3 Reading_At Approaches Grade Level or Above_2021,Klein_ISD,Grade 3 Reading,At Approaches Grade Level or Above,2019,2021,-0.09,-0.08,-0.06,-0.1,-0.05,-0.04,-0.06,-0.06
Klein_ISD_Grade 4 Mathematics_At Masters Grade Level_2021,Klein_ISD,Grade 4 Mathematics,At Masters Grade Level,2019,2021,-0.07,-0.08,-0.06,-0.09,-0.07,-0.04,-0.06,-0.05
Klein_ISD_Grade 4 Mathematics_At Meets Grade Level or Above_2021,Klein_ISD,Grade 4 Mathematics,At Meets Grade Level or Above,2019,2021,-0.12,-0.12,-0.1,-0.14,-0.12,-0.07,-0.12,-0.13
Klein_ISD_Grade 4 Mathematics_At Approaches Grade Level or Above_2021,Klein_ISD,Grade 4 Mathematics,At Approaches Grade Level or Above,2019,2021,-0.16,-0.16,-0.11,-0.15,-0.12,-0.05,-0.13,-0.13
Klein_ISD_Grade 4 Reading_At Masters Grade Level_2021,Klein_ISD,Grade 4 Reading,At Masters Grade Level,2019,2021,-0.05,-0.05,-0.04,-0.04,-0.04,-0.05,-0.04,0
Klein_ISD_Grade 4 Reading_At Meets Grade Level or Above_2021,Klein_ISD,Grade 4 Reading,At Meets Grade Level or Above,2019,2021,-0.08,-0.08,-0.07,-0.05,-0.05,-0.09,-0.07,-0.06
Klein_ISD_Grade 4 Reading_At Approaches Grade Level or Above_2021,Klein_ISD,Grade 4 Reading,At Approaches Grade Level or Above,2019,2021,-0.12,-0.12,-0.1,-0.1,-0.12,-0.08,-0.12,-0.12
Klein_ISD_Grade 5 Mathematics+_At Masters Grade Level_2021,Klein_ISD,Grade 5 Mathematics+,At Masters Grade Level,2019,2021,-0.11,-0.12,-0.12,-0.1,-0.1,-0.12,-0.09,-0.09
Klein_ISD_Grade 5 Mathematics+_At Meets Grade Level or Above_2021,Klein_ISD,Grade 5 Mathematics+,At Meets Grade Level or Above,2019,2021,-0.14,-0.14,-0.11,-0.12,-0.11,-0.1,-0.11,-0.09
Klein_ISD_Grade 5 Mathematics+_At Approaches Grade Level or Above_2021,Klein_ISD,Grade 5 Mathematics+,At Approaches Grade Level or Above,2019,2021,-0.2,-0.19,-0.12,-0.2,-0.14,-0.07,-0.15,-0.12
Klein_ISD_Grade 5 Reading+_At Masters Grade Level_2021,Klein_ISD,Grade 5 Reading+,At Masters Grade Level,2019,2021,0.01,0.01,0.03,0.03,0.05,0.05,0.05,0.05
Klein_ISD_Grade 5 Reading+_At Meets Grade Level or Above_2021,Klein_ISD,Grade 5 Reading+,At Meets Grade Level or Above,2019,2021,-0.08,-0.07,-0.04,-0.04,-0.02,-0.03,-0.03,0
Klein_ISD_Grade 5 Reading+_At Approaches Grade Level or Above_2021,Klein_ISD,Grade 5 Reading+,At Approaches Grade Level or Above,2019,2021,-0.13,-0.13,-0.08,-0.08,-0.09,-0.05,-0.09,-0.07
Klein_ISD_Grade 5 Science_At Masters Grade Level_2021,Klein_ISD,Grade 5 Science,At Masters Grade Level,2019,2021,-0.11,-0.11,-0.12,-0.06,-0.1,-0.15,-0.09,-0.09
Klein_ISD_Grade 5 Science_At Meets Grade Level or Above_2021,Klein_ISD,Grade 5 Science,At Meets Grade Level or Above,2019,2021,-0.18,-0.18,-0.15,-0.09,-0.14,-0.13,-0.13,-0.13
Klein_ISD_Grade 5 Science_At Approaches Grade Level or Above_2021,Klein_ISD,Grade 5 Science,At Approaches Grade Level or Above,2019,2021,-0.13,-0.13,-0.06,-0.08,-0.06,-0.05,-0.08,-0.08
La_Porte_ISD_Grade 3 Mathematics_At Masters Grade Level_2021,La_Porte_ISD,Grade 3 Mathematics,At Masters Grade Level,2019,2021,-0.11,-0.1,-0.11,-0.07,-0.11,-0.14,-0.11,-0.06
La_Porte_ISD_Grade 3 Mathematics_At Meets Grade Level or Above_2021,La_Porte_ISD,Grade 3 Mathematics,At Meets Grade Level or Above,2019,2021,-0.18,-0.18,-0.1,0.1,-0.11,-0.14,-0.09,-0.01
La_Porte_ISD_Grade 3 Mathematics_At Approaches Grade Level or Above_2021,La_Porte_ISD,Grade 3 Mathematics,At Approaches Grade Level or Above,2019,2021,-0.17,-0.17,-0.05,0.01,-0.07,-0.03,-0.05,-0.02
La_Porte_ISD_Grade 3 Reading_At Masters Grade Level_2021,La_Porte_ISD,Grade 3 Reading,At Masters Grade Level,2019,2021,-0.08,-0.08,-0.11,-0.02,-0.13,-0.11,-0.1,-0.05
La_Porte_ISD_Grade 3 Reading_At Meets Grade Level or Above_2021,La_Porte_ISD,Grade 3 Reading,At Meets Grade Level or Above,2019,2021,-0.06,-0.07,-0.09,0.1,-0.12,-0.1,-0.1,-0.07
La_Porte_ISD_Grade 3 Reading_At Approaches Grade Level or Above_2021,La_Porte_ISD,Grade 3 Reading,At Approaches Grade Level or Above,2019,2021,-0.09,-0.08,-0.07,0.15,-0.1,-0.08,-0.08,-0.16
La_Porte_ISD_Grade 4 Mathematics_At Masters Grade Level_2021,La_Porte_ISD,Grade 4 Mathematics,At Masters Grade Level,2019,2021,-0.07,-0.08,-0.02,-0.07,-0.01,-0.01,-0.01,-0.05
La_Porte_ISD_Grade 4 Mathematics_At Meets Grade Level or Above_2021,La_Porte_ISD,Grade 4 Mathematics,At Meets Grade Level or Above,2019,2021,-0.12,-0.12,-0.07,-0.1,-0.07,-0.06,-0.09,-0.2
La_Porte_ISD_Grade 4 Mathematics_At Approaches Grade Level or Above_2021,La_Porte_ISD,Grade 4 Mathematics,At Approaches Grade Level or Above,2019,2021,-0.16,-0.16,-0.11,-0.16,-0.13,-0.08,-0.14,-0.19
La_Porte_ISD_Grade 4 Reading_At Masters Grade Level_2021,La_Porte_ISD,Grade 4 Reading,At Masters Grade Level,2019,2021,-0.05,-0.05,-0.03,-0.07,-0.02,-0.04,0.01,0.03
La_Porte_ISD_Grade 4 Reading_At Meets Grade Level or Above_2021,La_Porte_ISD,Grade 4 Reading,At Meets Grade Level or Above,2019,2021,-0.08,-0.08,-0.07,-0.08,-0.08,-0.07,-0.06,-0.02
La_Porte_ISD_Grade 4 Reading_At Approaches Grade Level or Above_2021,La_Porte_ISD,Grade 4 Reading,At Approaches Grade Level or Above,2019,2021,-0.12,-0.12,-0.11,-0.19,-0.11,-0.09,-0.08,-0.1
La_Porte_ISD_Grade 5 Mathematics+_At Masters Grade Level_2021,La_Porte_ISD,Grade 5 Mathematics+,At Masters Grade Level,2019,2021,-0.11,-0.12,-0.09,-0.26,-0.06,-0.1,-0.06,-0.1
La_Porte_ISD_Grade 5 Mathematics+_At Meets Grade Level or Above_2021,La_Porte_ISD,Grade 5 Mathematics+,At Meets Grade Level or Above,2019,2021,-0.14,-0.14,-0.07,-0.14,-0.02,-0.11,-0.03,-0.06
La_Porte_ISD_Grade 5 Mathematics+_At Approaches Grade Level or Above_2021,La_Porte_ISD,Grade 5 Mathematics+,At Approaches Grade Level or Above,2019,2021,-0.2,-0.19,-0.09,-0.08,-0.08,-0.09,-0.12,-0.14
La_Porte_ISD_Grade 5 Reading+_At Masters Grade Level_2021,La_Porte_ISD,Grade 5 Reading+,At Masters Grade Level,2019,2021,0.01,0.01,0.08,-0.07,0.11,0.05,0.09,0
La_Porte_ISD_Grade 5 Reading+_At Meets Grade Level or Above_2021,La_Porte_ISD,Grade 5 Reading+,At Meets Grade Level or Above,2019,2021,-0.08,-0.07,0.06,0.15,0.06,0.06,0.08,0.04
La_Porte_ISD_Grade 5 Reading+_At Approaches Grade Level or Above_2021,La_Porte_ISD,Grade 5 Reading+,At Approaches Grade Level or Above,2019,2021,-0.13,-0.13,-0.08,-0.05,-0.07,-0.09,-0.08,-0.1
La_Porte_ISD_Grade 5 Science_At Masters Grade Level_2021,La_Porte_ISD,Grade 5 Science,At Masters Grade Level,2019,2021,-0.11,-0.11,-0.1,-0.11,-0.06,-0.14,-0.06,-0.04
La_Porte_ISD_Grade 5 Science_At Meets Grade Level or Above_2021,La_Porte_ISD,Grade 5 Science,At Meets Grade Level or Above,2019,2021,-0.18,-0.18,-0.1,-0.15,-0.11,-0.08,-0.05,-0.05
La_Porte_ISD_Grade 5 Science_At Approaches Grade Level or Above_2021,La_Porte_ISD,Grade 5 Science,At Approaches Grade Level or Above,2019,2021,-0.13,-0.13,-0.04,-0.12,-0.02,-0.05,-0.01,-0.01
Pasadena_ISD_Grade 3 Mathematics_At Masters Grade Level_2021,Pasadena_ISD,Grade 3 Mathematics,At Masters Grade Level,2019,2021,-0.11,-0.1,-0.11,-0.07,-0.11,-0.18,-0.11,-0.13
Pasadena_ISD_Grade 3 Mathematics_At Meets Grade Level or Above_2021,Pasadena_ISD,Grade 3 Mathematics,At Meets Grade Level or Above,2019,2021,-0.18,-0.18,-0.23,-0.19,-0.22,-0.35,-0.23,-0.24
Pasadena_ISD_Grade 3 Mathematics_At Approaches Grade Level or Above_2021,Pasadena_ISD,Grade 3 Mathematics,At Approaches Grade Level or Above,2019,2021,-0.17,-0.17,-0.27,-0.38,-0.27,-0.25,-0.29,-0.27
Pasadena_ISD_Grade 3 Reading_At Masters Grade Level_2021,Pasadena_ISD,Grade 3 Reading,At Masters Grade Level,2019,2021,-0.08,-0.08,-0.11,-0.08,-0.11,-0.05,-0.11,-0.1
Pasadena_ISD_Grade 3 Reading_At Meets Grade Level or Above_2021,Pasadena_ISD,Grade 3 Reading,At Meets Grade Level or Above,2019,2021,-0.06,-0.07,-0.15,-0.14,-0.15,-0.12,-0.15,-0.18
Pasadena_ISD_Grade 3 Reading_At Approaches Grade Level or Above_2021,Pasadena_ISD,Grade 3 Reading,At Approaches Grade Level or Above,2019,2021,-0.09,-0.08,-0.21,-0.24,-0.21,-0.17,-0.22,-0.24
Pasadena_ISD_Grade 4 Mathematics_At Masters Grade Level_2021,Pasadena_ISD,Grade 4 Mathematics,At Masters Grade Level,2019,2021,-0.07,-0.08,-0.08,-0.08,-0.09,-0.03,-0.08,-0.11
Pasadena_ISD_Grade 4 Mathematics_At Meets Grade Level or Above_2021,Pasadena_ISD,Grade 4 Mathematics,At Meets Grade Level or Above,2019,2021,-0.12,-0.12,-0.19,-0.18,-0.18,-0.17,-0.19,-0.25
Pasadena_ISD_Grade 4 Mathematics_At Approaches Grade Level or Above_2021,Pasadena_ISD,Grade 4 Mathematics,At Approaches Grade Level or Above,2019,2021,-0.16,-0.16,-0.25,-0.26,-0.25,-0.25,-0.26,-0.29
Pasadena_ISD_Grade 4 Reading_At Masters Grade Level_2021,Pasadena_ISD,Grade 4 Reading,At Masters Grade Level,2019,2021,-0.05,-0.05,-0.09,-0.1,-0.08,-0.13,-0.09,-0.09
Pasadena_ISD_Grade 4 Reading_At Meets Grade Level or Above_2021,Pasadena_ISD,Grade 4 Reading,At Meets Grade Level or Above,2019,2021,-0.08,-0.08,-0.16,-0.14,-0.17,-0.13,-0.16,-0.18
Pasadena_ISD_Grade 4 Reading_At Approaches Grade Level or Above_2021,Pasadena_ISD,Grade 4 Reading,At Approaches Grade Level or Above,2019,2021,-0.12,-0.12,-0.23,-0.27,-0.24,-0.15,-0.24,-0.25
Pasadena_ISD_Grade 5 Mathematics+_At Masters Grade Level_2021,Pasadena_ISD,Grade 5 Mathematics+,At Masters Grade Level,2019,2021,-0.11,-0.12,-0.15,-0.14,-0.15,-0.16,-0.15,-0.18
Pasadena_ISD_Grade 5 Mathematics+_At Meets Grade Level or Above_2021,Pasadena_ISD,Grade 5 Mathematics+,At Meets Grade Level or Above,2019,2021,-0.14,-0.14,-0.23,-0.23,-0.23,-0.24,-0.22,-0.27
Pasadena_ISD_Grade 5 Mathematics+_At Approaches Grade Level or Above_2021,Pasadena_ISD,Grade 5 Mathematics+,At Approaches Grade Level or Above,2019,2021,-0.2,-0.19,-0.29,-0.34,-0.31,-0.28,-0.3,-0.34
Pasadena_ISD_Grade 5 Reading+_At Masters Grade Level_2021,Pasadena_ISD,Grade 5 Reading+,At Masters Grade Level,2019,2021,0.01,0.01,-0.04,-0.06,-0.04,-0.03,-0.04,-0.07
Pasadena_ISD_Grade 5 Reading+_At Meets Grade Level or Above_2021,Pasadena_ISD,Grade 5 Reading+,At Meets Grade Level or Above,2019,2021,-0.08,-0.07,-0.16,-0.17,-0.16,-0.13,-0.15,-0.2
Pasadena_ISD_Grade 5 Reading+_At Approaches Grade Level or Above_2021,Pasadena_ISD,Grade 5 Reading+,At Approaches Grade Level or Above,2019,2021,-0.13,-0.13,-0.22,-0.23,-0.23,-0.2,-0.23,-0.27
Pasadena_ISD_Grade 5 Science_At Masters Grade Level_2021,Pasadena_ISD,Grade 5 Science,At Masters Grade Level,2019,2021,-0.11,-0.11,-0.15,-0.07,-0.14,-0.22,-0.13,-0.15
Pasadena_ISD_Grade 5 Science_At Meets Grade Level or Above_2021,Pasadena_ISD,Grade 5 Science,At Meets Grade Level or Above,2019,2021,-0.18,-0.18,-0.28,-0.22,-0.29,-0.32,-0.27,-0.31
Pasadena_ISD_Grade 5 Science_At Approaches Grade Level or Above_2021,Pasadena_ISD,Grade 5 Science,At Approaches Grade Level or Above,2019,2021,-0.13,-0.13,-0.24,-0.3,-0.25,-0.21,-0.25,-0.27
Sheldon_ISD_Grade 3 Mathematics_At Masters Grade Level_2021,Sheldon_ISD,Grade 3 Mathematics,At Masters Grade Level,2019,2021,-0.11,-0.1,-0.1,-0.04,-0.11,-0.14,-0.1,-0.13
Sheldon_ISD_Grade 3 Mathematics_At Meets Grade Level or Above_2021,Sheldon_ISD,Grade 3 Mathematics,At Meets Grade Level or Above,2019,2021,-0.18,-0.18,-0.18,-0.13,-0.2,-0.31,-0.17,-0.23
Sheldon_ISD_Grade 3 Mathematics_At Approaches Grade Level or Above_2021,Sheldon_ISD,Grade 3 Mathematics,At Approaches Grade Level or Above,2019,2021,-0.17,-0.17,-0.24,-0.26,-0.25,-0.15,-0.25,-0.24
Sheldon_ISD_Grade 3 Reading_At Masters Grade Level_2021,Sheldon_ISD,Grade 3 Reading,At Masters Grade Level,2019,2021,-0.08,-0.08,-0.12,-0.06,-0.15,-0.02,-0.12,-0.15
Sheldon_ISD_Grade 3 Reading_At Meets Grade Level or Above_2021,Sheldon_ISD,Grade 3 Reading,At Meets Grade Level or Above,2019,2021,-0.06,-0.07,-0.11,-0.07,-0.13,0.04,-0.1,-0.17
Sheldon_ISD_Grade 3 Reading_At Approaches Grade Level or Above_2021,Sheldon_ISD,Grade 3 Reading,At Approaches Grade Level or Above,2019,2021,-0.09,-0.08,-0.13,-0.07,-0.16,-0.01,-0.16,-0.18
Sheldon_ISD_Grade 4 Mathematics_At Masters Grade Level_2021,Sheldon_ISD,Grade 4 Mathematics,At Masters Grade Level,2019,2021,-0.07,-0.08,-0.09,-0.06,-0.1,-0.03,-0.1,-0.11
Sheldon_ISD_Grade 4 Mathematics_At Meets Grade Level or Above_2021,Sheldon_ISD,Grade 4 Mathematics,At Meets Grade Level or Above,2019,2021,-0.12,-0.12,-0.16,-0.09,-0.17,-0.16,-0.17,-0.17
Sheldon_ISD_Grade 4 Mathematics_At Approaches Grade Level or Above_2021,Sheldon_ISD,Grade 4 Mathematics,At Approaches Grade Level or Above,2019,2021,-0.16,-0.16,-0.19,-0.21,-0.19,-0.26,-0.2,-0.17
Sheldon_ISD_Grade 4 Reading_At Masters Grade Level_2021,Sheldon_ISD,Grade 4 Reading,At Masters Grade Level,2019,2021,-0.05,-0.05,-0.07,-0.04,-0.08,0.04,-0.07,-0.08
Sheldon_ISD_Grade 4 Reading_At Meets Grade Level or Above_2021,Sheldon_ISD,Grade 4 Reading,At Meets Grade Level or Above,2019,2021,-0.08,-0.08,-0.1,-0.07,-0.12,0.02,-0.11,-0.09
Sheldon_ISD_Grade 4 Reading_At Approaches Grade Level or Above_2021,Sheldon_ISD,Grade 4 Reading,At Approaches Grade Level or Above,2019,2021,-0.12,-0.12,-0.2,-0.23,-0.19,-0.37,-0.22,-0.21
Sheldon_ISD_Grade 5 Mathematics+_At Masters Grade Level_2021,Sheldon_ISD,Grade 5 Mathematics+,At Masters Grade Level,2019,2021,-0.11,-0.12,-0.12,-0.03,-0.14,-0.09,-0.12,-0.14
Sheldon_ISD_Grade 5 Mathematics+_At Meets Grade Level or Above_2021,Sheldon_ISD,Grade 5 Mathematics+,At Meets Grade Level or Above,2019,2021,-0.14,-0.14,-0.14,-0.04,-0.17,0.03,-0.16,-0.18
Sheldon_ISD_Grade 5 Mathematics+_At Approaches Grade Level or Above_2021,Sheldon_ISD,Grade 5 Mathematics+,At Approaches Grade Level or Above,2019,2021,-0.2,-0.19,-0.27,-0.22,-0.27,-0.16,-0.28,-0.3
Sheldon_ISD_Grade 5 Reading+_At Masters Grade Level_2021,Sheldon_ISD,Grade 5 Reading+,At Masters Grade Level,2019,2021,0.01,0.01,-0.04,0.01,-0.05,-0.05,-0.05,-0.03
Sheldon_ISD_Grade 5 Reading+_At Meets Grade Level or Above_2021,Sheldon_ISD,Grade 5 Reading+,At Meets Grade Level or Above,2019,2021,-0.08,-0.07,-0.14,-0.12,-0.13,-0.23,-0.14,-0.12
Sheldon_ISD_Grade 5 Reading+_At Approaches Grade Level or Above_2021,Sheldon_ISD,Grade 5 Reading+,At Approaches Grade Level or Above,2019,2021,-0.13,-0.13,-0.22,-0.26,-0.2,-0.09,-0.23,-0.21
Sheldon_ISD_Grade 5 Science_At Meets Grade Level or Above_2021,Sheldon_ISD,Grade 5 Science,At Meets Grade Level or Above,2019,2021,-0.18,-0.18,-0.2,-0.1,-0.22,-0.3,-0.2,-0.22
Sheldon_ISD_Grade 5 Science_At Approaches Grade Level or Above_2021,Sheldon_ISD,Grade 5 Science,At Approaches Grade Level or Above,2019,2021,-0.13,-0.13,-0.18,-0.13,-0.18,-0.07,-0.18,-0.21
Spring_Branch_ISD_Grade 3 Mathematics_At Masters Grade Level_2021,Spring_Branch_ISD,Grade 3 Mathematics,At Masters Grade Level,2019,2021,-0.11,-0.1,-0.04,-0.07,-0.05,-0.01,-0.06,-0.07
Spring_Branch_ISD_Grade 3 Mathematics_At Meets Grade Level or Above_2021,Spring_Branch_ISD,Grade 3 Mathematics,At Meets Grade Level or Above,2019,2021,-0.18,-0.18,-0.06,-0.11,-0.08,-0.02,-0.08,-0.1
Spring_Branch_ISD_Grade 3 Mathematics_At Approaches Grade Level or Above_2021,Spring_Branch_ISD,Grade 3 Mathematics,At Approaches Grade Level or Above,2019,2021,-0.17,-0.17,-0.09,-0.09,-0.12,-0.02,-0.14,-0.14
Spring_Branch_ISD_Grade 3 Reading_At Masters Grade Level_2021,Spring_Branch_ISD,Grade 3 Reading,At Masters Grade Level,2019,2021,-0.08,-0.08,-0.06,-0.07,-0.05,-0.06,-0.06,-0.06
Spring_Branch_ISD_Grade 3 Reading_At Meets Grade Level or Above_2021,Spring_Branch_ISD,Grade 3 Reading,At Meets Grade Level or Above,2019,2021,-0.06,-0.07,-0.03,-0.04,-0.04,0,-0.06,-0.06
Spring_Branch_ISD_Grade 3 Reading_At Approaches Grade Level or Above_2021,Spring_Branch_ISD,Grade 3 Reading,At Approaches Grade Level or Above,2019,2021,-0.09,-0.08,-0.03,0.02,-0.04,0.02,-0.05,-0.05
Spring_Branch_ISD_Grade 4 Mathematics_At Masters Grade Level_2021,Spring_Branch_ISD,Grade 4 Mathematics,At Masters Grade Level,2019,2021,-0.07,-0.08,0,-0.03,0,0.01,-0.02,-0.01
Spring_Branch_ISD_Grade 4 Mathematics_At Meets Grade Level or Above_2021,Spring_Branch_ISD,Grade 4 Mathematics,At Meets Grade Level or Above,2019,2021,-0.12,-0.12,-0.01,-0.04,-0.02,0.02,-0.04,-0.03
Spring_Branch_ISD_Grade 4 Mathematics_At Approaches Grade Level or Above_2021,Spring_Branch_ISD,Grade 4 Mathematics,At Approaches Grade Level or Above,2019,2021,-0.16,-0.16,-0.04,-0.01,-0.07,-0.01,-0.08,-0.07
Spring_Branch_ISD_Grade 4 Reading_At Masters Grade Level_2021,Spring_Branch_ISD,Grade 4 Reading,At Masters Grade Level,2019,2021,-0.05,-0.05,-0.04,-0.09,-0.02,-0.09,-0.03,-0.02
Spring_Branch_ISD_Grade 4 Reading_At Meets Grade Level or Above_2021,Spring_Branch_ISD,Grade 4 Reading,At Meets Grade Level or Above,2019,2021,-0.08,-0.08,-0.03,-0.03,-0.04,-0.04,-0.05,-0.04
Spring_Branch_ISD_Grade 4 Reading_At Approaches Grade Level or Above_2021,Spring_Branch_ISD,Grade 4 Reading,At Approaches Grade Level or Above,2019,2021,-0.12,-0.12,-0.03,0.01,-0.04,-0.03,-0.06,-0.05
Spring_Branch_ISD_Grade 5 Mathematics+_At Masters Grade Level_2021,Spring_Branch_ISD,Grade 5 Mathematics+,At Masters Grade Level,2019,2021,-0.11,-0.12,-0.04,0.03,-0.03,-0.07,-0.03,-0.03
Spring_Branch_ISD_Grade 5 Mathematics+_At Meets Grade Level or Above_2021,Spring_Branch_ISD,Grade 5 Mathematics+,At Meets Grade Level or Above,2019,2021,-0.14,-0.14,-0.03,-0.02,-0.03,-0.04,-0.05,-0.04
Spring_Branch_ISD_Grade 5 Mathematics+_At Approaches Grade Level or Above_2021,Spring_Branch_ISD,Grade 5 Mathematics+,At Approaches Grade Level or Above,2019,2021,-0.2,-0.19,-0.09,-0.2,-0.12,-0.03,-0.14,-0.14
Spring_Branch_ISD_Grade 5 Reading+_At Masters Grade Level_2021,Spring_Branch_ISD,Grade 5 Reading+,At Masters Grade Level,2019,2021,0.01,0.01,0.04,0.05,0.03,0.03,0.04,0.04
Spring_Branch_ISD_Grade 5 Reading+_At Meets Grade Level or Above_2021,Spring_Branch_ISD,Grade 5 Reading+,At Meets Grade Level or Above,2019,2021,-0.08,-0.07,-0.02,0.05,-0.02,-0.06,-0.02,0
Spring_Branch_ISD_Grade 5 Reading+_At Approaches Grade Level or Above_2021,Spring_Branch_ISD,Grade 5 Reading+,At Approaches Grade Level or Above,2019,2021,-0.13,-0.13,-0.08,-0.14,-0.11,-0.04,-0.12,-0.11
Spring_Branch_ISD_Grade 5 Science_At Masters Grade Level_2021,Spring_Branch_ISD,Grade 5 Science,At Masters Grade Level,2019,2021,-0.11,-0.11,-0.04,-0.03,-0.04,-0.09,-0.05,-0.03
Spring_Branch_ISD_Grade 5 Science_At Meets Grade Level or Above_2021,Spring_Branch_ISD,Grade 5 Science,At Meets Grade Level or Above,2019,2021,-0.18,-0.18,-0.08,-0.04,-0.09,-0.08,-0.1,-0.09
Spring_Branch_ISD_Grade 5 Science_At Approaches Grade Level or Above_2021,Spring_Branch_ISD,Grade 5 Science,At Approaches Grade Level or Above,2019,2021,-0.13,-0.13,-0.05,-0.05,-0.06,-0.05,-0.08,-0.07
Spring_ISD_Grade 3 Mathematics_At Masters Grade Level_2021,Spring_ISD,Grade 3 Mathematics,At Masters Grade Level,2019,2021,-0.11,-0.1,-0.06,-0.05,-0.07,-0.07,-0.06,-0.08
Spring_ISD_Grade 3 Mathematics_At Meets Grade Level or Above_2021,Spring_ISD,Grade 3 Mathematics,At Meets Grade Level or Above,2019,2021,-0.18,-0.18,-0.15,-0.14,-0.16,-0.2,-0.15,-0.15
Spring_ISD_Grade 3 Mathematics_At Approaches Grade Level or Above_2021,Spring_ISD,Grade 3 Mathematics,At Approaches Grade Level or Above,2019,2021,-0.17,-0.17,-0.17,-0.18,-0.2,-0.09,-0.19,-0.18
Spring_ISD_Grade 3 Reading_At Masters Grade Level_2021,Spring_ISD,Grade 3 Reading,At Masters Grade Level,2019,2021,-0.08,-0.08,-0.07,-0.05,-0.09,-0.1,-0.06,-0.07
Spring_ISD_Grade 3 Reading_At Meets Grade Level or Above_2021,Spring_ISD,Grade 3 Reading,At Meets Grade Level or Above,2019,2021,-0.06,-0.07,-0.07,-0.05,-0.1,0.01,-0.07,-0.12
Spring_ISD_Grade 3 Reading_At Approaches Grade Level or Above_2021,Spring_ISD,Grade 3 Reading,At Approaches Grade Level or Above,2019,2021,-0.09,-0.08,-0.1,-0.06,-0.14,-0.02,-0.11,-0.16
Spring_ISD_Grade 4 Mathematics_At Masters Grade Level_2021,Spring_ISD,Grade 4 Mathematics,At Masters Grade Level,2019,2021,-0.07,-0.08,-0.08,-0.04,-0.1,-0.03,-0.08,-0.11
Spring_ISD_Grade 4 Mathematics_At Meets Grade Level or Above_2021,Spring_ISD,Grade 4 Mathematics,At Meets Grade Level or Above,2019,2021,-0.12,-0.12,-0.14,-0.13,-0.15,-0.13,-0.15,-0.16
Spring_ISD_Grade 4 Mathematics_At Approaches Grade Level or Above_2021,Spring_ISD,Grade 4 Mathematics,At Approaches Grade Level or Above,2019,2021,-0.16,-0.16,-0.22,-0.26,-0.21,-0.17,-0.24,-0.21
Spring_ISD_Grade 4 Reading_At Masters Grade Level_2021,Spring_ISD,Grade 4 Reading,At Masters Grade Level,2019,2021,-0.05,-0.05,-0.03,-0.03,-0.03,0,-0.03,-0.04
Spring_ISD_Grade 4 Reading_At Meets Grade Level or Above_2021,Spring_ISD,Grade 4 Reading,At Meets Grade Level or Above,2019,2021,-0.08,-0.08,-0.08,-0.07,-0.08,0,-0.08,-0.11
Spring_ISD_Grade 4 Reading_At Approaches Grade Level or Above_2021,Spring_ISD,Grade 4 Reading,At Approaches Grade Level or Above,2019,2021,-0.12,-0.12,-0.15,-0.15,-0.15,-0.11,-0.15,-0.15
Spring_ISD_Grade 5 Mathematics+_At Masters Grade Level_2021,Spring_ISD,Grade 5 Mathematics+,At Masters Grade Level,2019,2021,-0.11,-0.12,-0.1,-0.06,-0.14,-0.02,-0.1,-0.13
Spring_ISD_Grade 5 Mathematics+_At Meets Grade Level or Above_2021,Spring_ISD,Grade 5 Mathematics+,At Meets Grade Level or Above,2019,2021,-0.14,-0.14,-0.15,-0.13,-0.17,-0.07,-0.14,-0.16
Spring_ISD_Grade 5 Mathematics+_At Approaches Grade Level or Above_2021,Spring_ISD,Grade 5 Mathematics+,At Approaches Grade Level or Above,2019,2021,-0.2,-0.19,-0.25,-0.29,-0.25,-0.19,-0.27,-0.24
Spring_ISD_Grade 5 Reading+_At Masters Grade Level_2021,Spring_ISD,Grade 5 Reading+,At Masters Grade Level,2019,2021,0.01,0.01,-0.04,-0.03,-0.05,0.03,-0.03,-0.03
Spring_ISD_Grade 5 Reading+_At Meets Grade Level or Above_2021,Spring_ISD,Grade 5 Reading+,At Meets Grade Level or Above,2019,2021,-0.08,-0.07,-0.11,-0.09,-0.14,-0.07,-0.11,-0.12
Spring_ISD_Grade 5 Reading+_At Approaches Grade Level or Above_2021,Spring_ISD,Grade 5 Reading+,At Approaches Grade Level or Above,2019,2021,-0.13,-0.13,-0.19,-0.21,-0.19,-0.2,-0.21,-0.17
Spring_ISD_Grade 5 Science_At Masters Grade Level_2021,Spring_ISD,Grade 5 Science,At Masters Grade Level,2019,2021,-0.11,-0.11,-0.09,-0.05,-0.11,-0.08,-0.07,-0.11
Spring_ISD_Grade 5 Science_At Meets Grade Level or Above_2021,Spring_ISD,Grade 5 Science,At Meets Grade Level or Above,2019,2021,-0.18,-0.18,-0.18,-0.14,-0.22,-0.11,-0.17,-0.21
Spring_ISD_Grade 5 Science_At Approaches Grade Level or Above_2021,Spring_ISD,Grade 5 Science,At Approaches Grade Level or Above,2019,2021,-0.13,-0.13,-0.17,-0.16,-0.2,-0.1,-0.17,-0.19
Tomball_ISD_Grade 3 Mathematics_At Masters Grade Level_2021,Tomball_ISD,Grade 3 Mathematics,At Masters Grade Level,2019,2021,-0.11,-0.1,-0.09,0.01,-0.08,-0.12,-0.07,0
Tomball_ISD_Grade 3 Mathematics_At Meets Grade Level or Above_2021,Tomball_ISD,Grade 3 Mathematics,At Meets Grade Level or Above,2019,2021,-0.18,-0.18,-0.15,-0.07,-0.15,-0.17,-0.2,-0.14
Tomball_ISD_Grade 3 Mathematics_At Approaches Grade Level or Above_2021,Tomball_ISD,Grade 3 Mathematics,At Approaches Grade Level or Above,2019,2021,-0.17,-0.17,-0.07,-0.07,-0.1,-0.09,-0.15,-0.09
Tomball_ISD_Grade 3 Reading_At Masters Grade Level_2021,Tomball_ISD,Grade 3 Reading,At Masters Grade Level,2019,2021,-0.08,-0.08,-0.05,0.03,-0.07,-0.05,-0.04,-0.07
Tomball_ISD_Grade 3 Reading_At Meets Grade Level or Above_2021,Tomball_ISD,Grade 3 Reading,At Meets Grade Level or Above,2019,2021,-0.06,-0.07,0,-0.01,-0.01,0,-0.01,-0.02
Tomball_ISD_Grade 3 Reading_At Approaches Grade Level or Above_2021,Tomball_ISD,Grade 3 Reading,At Approaches Grade Level or Above,2019,2021,-0.09,-0.08,-0.03,0.03,-0.05,-0.04,-0.09,-0.06
Tomball_ISD_Grade 4 Mathematics_At Masters Grade Level_2021,Tomball_ISD,Grade 4 Mathematics,At Masters Grade Level,2019,2021,-0.07,-0.08,-0.04,-0.21,-0.04,-0.03,-0.08,0.04
Tomball_ISD_Grade 4 Mathematics_At Meets Grade Level or Above_2021,Tomball_ISD,Grade 4 Mathematics,At Meets Grade Level or Above,2019,2021,-0.12,-0.12,-0.08,-0.33,-0.11,-0.06,-0.15,-0.03
Tomball_ISD_Grade 4 Mathematics_At Approaches Grade Level or Above_2021,Tomball_ISD,Grade 4 Mathematics,At Approaches Grade Level or Above,2019,2021,-0.16,-0.16,-0.1,-0.45,-0.11,-0.08,-0.18,-0.07
Tomball_ISD_Grade 4 Reading_At Masters Grade Level_2021,Tomball_ISD,Grade 4 Reading,At Masters Grade Level,2019,2021,-0.05,-0.05,-0.02,-0.12,-0.05,0.01,-0.06,0.03
Tomball_ISD_Grade 4 Reading_At Meets Grade Level or Above_2021,Tomball_ISD,Grade 4 Reading,At Meets Grade Level or Above,2019,2021,-0.08,-0.08,-0.04,-0.21,-0.06,-0.02,-0.05,0.05
Tomball_ISD_Grade 4 Reading_At Approaches Grade Level or Above_2021,Tomball_ISD,Grade 4 Reading,At Approaches Grade Level or Above,2019,2021,-0.12,-0.12,-0.07,-0.21,-0.07,-0.07,-0.1,-0.04
Tomball_ISD_Grade 5 Mathematics+_At Masters Grade Level_2021,Tomball_ISD,Grade 5 Mathematics+,At Masters Grade Level,2019,2021,-0.11,-0.12,-0.12,-0.07,-0.13,-0.09,-0.1,-0.13
Tomball_ISD_Grade 5 Mathematics+_At Meets Grade Level or Above_2021,Tomball_ISD,Grade 5 Mathematics+,At Meets Grade Level or Above,2019,2021,-0.14,-0.14,-0.08,-0.1,-0.12,-0.06,-0.1,-0.06
Tomball_ISD_Grade 5 Mathematics+_At Approaches Grade Level or Above_2021,Tomball_ISD,Grade 5 Mathematics+,At Approaches Grade Level or Above,2019,2021,-0.2,-0.19,-0.08,-0.19,-0.1,-0.07,-0.2,-0.09
Tomball_ISD_Grade 5 Reading+_At Masters Grade Level_2021,Tomball_ISD,Grade 5 Reading+,At Masters Grade Level,2019,2021,0.01,0.01,0.03,0.07,0.02,0.04,0.02,0.06
Tomball_ISD_Grade 5 Reading+_At Meets Grade Level or Above_2021,Tomball_ISD,Grade 5 Reading+,At Meets Grade Level or Above,2019,2021,-0.08,-0.07,-0.07,-0.02,-0.08,-0.07,-0.09,-0.03
Tomball_ISD_Grade 5 Reading+_At Approaches Grade Level or Above_2021,Tomball_ISD,Grade 5 Reading+,At Approaches Grade Level or Above,2019,2021,-0.13,-0.13,-0.08,-0.15,-0.11,-0.06,-0.15,-0.07
Tomball_ISD_Grade 5 Science_At Masters Grade Level_2021,Tomball_ISD,Grade 5 Science,At Masters Grade Level,2019,2021,-0.11,-0.11,-0.11,-0.13,-0.1,-0.1,-0.11,-0.11
Tomball_ISD_Grade 5 Science_At Meets Grade Level or Above_2021,Tomball_ISD,Grade 5 Science,At Meets Grade Level or Above,2019,2021,-0.18,-0.18,-0.12,-0.06,-0.14,-0.1,-0.14,-0.09
Tomball_ISD_Grade 5 Science_At Approaches Grade Level or Above_2021,Tomball_ISD,Grade 5 Science,At Approaches Grade Level or Above,2019,2021,-0.13,-0.13,-0.02,-0.02,-0.03,0,-0.05,-0.02
YES_Prep_Grade 6 Mathematics_At Masters Grade Level_2021,YES_Prep,Grade 6 Mathematics,At Masters Grade Level,2019,2021,-0.06,-0.05,-0.09,-0.11,-0.1,-0.15,-0.09,-0.08
YES_Prep_Grade 6 Mathematics_At Meets Grade Level or Above_2021,YES_Prep,Grade 6 Mathematics,At Meets Grade Level or Above,2019,2021,-0.11,-0.11,-0.21,-0.17,-0.21,-0.33,-0.21,-0.18
YES_Prep_Grade 6 Mathematics_At Approaches Grade Level or Above_2021,YES_Prep,Grade 6 Mathematics,At Approaches Grade Level or Above,2019,2021,-0.13,-0.13,-0.23,-0.19,-0.24,-0.39,-0.24,-0.24
YES_Prep_Grade 6 Reading_At Masters Grade Level_2021,YES_Prep,Grade 6 Reading,At Masters Grade Level,2019,2021,-0.03,-0.03,-0.03,-0.05,-0.02,-0.05,-0.02,-0.01
YES_Prep_Grade 6 Reading_At Meets Grade Level or Above_2021,YES_Prep,Grade 6 Reading,At Meets Grade Level or Above,2019,2021,-0.05,-0.04,-0.06,-0.03,-0.06,-0.11,-0.06,-0.02
YES_Prep_Grade 6 Reading_At Approaches Grade Level or Above_2021,YES_Prep,Grade 6 Reading,At Approaches Grade Level or Above,2019,2021,-0.06,-0.05,-0.09,-0.04,-0.09,-0.25,-0.09,-0.04
YES_Prep_Grade 7 Mathematics_At Masters Grade Level_2021,YES_Prep,Grade 7 Mathematics,At Masters Grade Level,2019,2021,-0.05,-0.05,-0.1,-0.07,-0.11,0,-0.1,-0.1
YES_Prep_Grade 7 Mathematics_At Meets Grade Level or Above_2021,YES_Prep,Grade 7 Mathematics,At Meets Grade Level or Above,2019,2021,-0.16,-0.17,-0.23,-0.2,-0.25,-0.28,-0.24,-0.27
YES_Prep_Grade 7 Mathematics_At Approaches Grade Level or Above_2021,YES_Prep,Grade 7 Mathematics,At Approaches Grade Level or Above,2019,2021,-0.2,-0.2,-0.28,-0.34,-0.27,-0.23,-0.28,-0.31
YES_Prep_Grade 7 Reading_At Masters Grade Level_2021,YES_Prep,Grade 7 Reading,At Masters Grade Level,2019,2021,-0.04,-0.04,-0.06,0.03,-0.07,0.01,-0.06,-0.08
YES_Prep_Grade 7 Reading_At Meets Grade Level or Above_2021,YES_Prep,Grade 7 Reading,At Meets Grade Level or Above,2019,2021,-0.04,-0.04,-0.07,-0.01,-0.08,-0.1,-0.07,-0.09
YES_Prep_Grade 7 Reading_At Approaches Grade Level or Above_2021,YES_Prep,Grade 7 Reading,At Approaches Grade Level or Above,2019,2021,-0.07,-0.06,-0.1,-0.08,-0.1,-0.16,-0.1,-0.11
YES_Prep_Grade 7 Writing_At Masters Grade Level_2021,YES_Prep,Grade 7 Writing,At Masters Grade Level,2019,2021,-0.08,-0.09,-0.1,-0.07,-0.11,-0.12,-0.1,-0.08
YES_Prep_Grade 7 Writing_At Meets Grade Level or Above_2021,YES_Prep,Grade 7 Writing,At Meets Grade Level or Above,2019,2021,-0.09,-0.09,-0.16,-0.06,-0.18,-0.06,-0.17,-0.2
YES_Prep_Grade 7 Writing_At Approaches Grade Level or Above_2021,YES_Prep,Grade 7 Writing,At Approaches Grade Level or Above,2019,2021,-0.07,-0.09,-0.15,-0.14,-0.15,-0.04,-0.14,-0.18
YES_Prep_Grade 8 Mathematics+_At Masters Grade Level_2021,YES_Prep,Grade 8 Mathematics+,At Masters Grade Level,2019,2021,-0.06,-0.07,-0.2,-0.13,-0.21,-0.17,-0.19,-0.15
YES_Prep_Grade 8 Mathematics+_At Meets Grade Level or Above_2021,YES_Prep,Grade 8 Mathematics+,At Meets Grade Level or Above,2019,2021,-0.21,-0.21,-0.41,-0.38,-0.42,-0.4,-0.41,-0.37
YES_Prep_Grade 8 Mathematics+_At Approaches Grade Level or Above_2021,YES_Prep,Grade 8 Mathematics+,At Approaches Grade Level or Above,2019,2021,-0.26,-0.26,-0.37,-0.5,-0.37,-0.23,-0.39,-0.39
YES_Prep_Grade 8 Reading+_At Masters Grade Level_2021,YES_Prep,Grade 8 Reading+,At Masters Grade Level,2019,2021,-0.07,-0.08,-0.1,-0.07,-0.1,0.09,-0.1,-0.05
YES_Prep_Grade 8 Reading+_At Meets Grade Level or Above_2021,YES_Prep,Grade 8 Reading+,At Meets Grade Level or Above,2019,2021,-0.09,-0.08,-0.14,-0.08,-0.15,0.17,-0.16,-0.07
YES_Prep_Grade 8 Reading+_At Approaches Grade Level or Above_2021,YES_Prep,Grade 8 Reading+,At Approaches Grade Level or Above,2019,2021,-0.13,-0.12,-0.16,-0.17,-0.17,0.04,-0.17,-0.14
